FTG SKU No. ,Furniture To Go Stock Name,From 20% off,Full List,HD,
1010101,Copenhagen 3 Drawer Bedside in White,£30.28,£37.84,£42.71,
1010102,Copenhagen 3 Drawer Bedside in Cream/Pine,£30.28,£37.84,£42.71,
1010111,Copenhagen 3 Drawer Bedside in Pine,£33.67,£42.08,£46.26,
1010201,Copenhagen 5 Drawer Narrow Chest in White,£46.51,£58.14,£59.86,
1010202,Copenhagen 5 Drawer Narrow Chest in Cream/Pine,£46.51,£58.14,£59.86,
1010211,Copenhagen 5 Drawer Narrow Chest in Pine,£45.88,£57.35,£59.05,
1010301,Copenhagen 2 + 4 Drawer Chest in White,£66.44,£83.05,£84.90,
1010302,Copenhagen 2 + 4 Drawer Chest in Cream/Pine,£64.32,£80.40,£82.19,
1010311,Copenhagen 2 + 4 Drawer Chest in Pine,£65.45,£81.81,£83.64,
1010401,Copenhagen 2 + 3 + 4 Drawer Extra wide chest in White,£80.66,£100.83,£103.07,
1010402,Copenhagen 2 + 3 + 4 Drawer Extra wide chest in Cream/Pine,£80.66,£100.83,£103.07,
1010411,Copenhagen 2 + 3 + 4 Drawer Extra wide chest in Pine,£84.96,£106.20,£108.56,
1010501,Copenhagen 2 + 3 Deep Drawer Chest in White,£49.00,£61.25,£62.62,
1010511,Copenhagen 2 + 3 Deep Drawer Chest in Pine,£61.90,£77.38,£83.56,
1010602,Copenhagen 2 + 4 Deep Drawer Chest in Cream/Pine ,£71.42,£89.28,£98.20,
1010701,Copenhagen Single Dressing Table in White,£52.38,£65.48,£76.02,
1010702,Copenhagen Single Dressing Table in Cream/Pine,£52.38,£65.48,£76.02,
1010801,Copenhagen Blanket Box in White,£38.53,£48.16,£51.36,
1010802,Copenhagen Blanket Box in Cream/Pine,£40.85,£51.06,£53.78,
1010811,Copenhagen Blanket Box in Pine,£40.72,£50.90,£53.64,
1012201,Copenhagen 3 Door 4 Drawer Wardrobe in White,£153.61,£192.01,£196.29,
1012202,Copenhagen 3 Door 4 Drawer Wardrobe in Cream/Pine,£152.40,£190.50,£194.75,
1012211,Copenhagen 3 Door 4 Drawer Wardrobe in Pine,£178.12,£222.65,£227.62,
1012501,Copenhagen 2 Door 2 Drawer Combi Wardrobe in White,£93.36,£116.70,£119.30,
1012502,Copenhagen 2 Door 2 Drawer Combi Wardrobe in Cream/Pine,£93.36,£116.70,£119.30,
1012511,Copenhagen 2 Door 2 Drawer Combi Wardrobe in Pine,£91.81,£114.77,£117.33,
1012901,Copenhagen 2 door 2 drawer Wardrobe in White,£117.14,£146.43,£149.69,
1012902,Copenhagen 2 door 2 drawer Wardrobe in Cream/Pine,£117.14,£146.43,£149.69,
1012911,Copenhagen 2 door 2 drawer Wardrobe in Pine,£126.22,£157.77,£161.29,
1014101,Copenhagen Mirror White,£27.54,£34.43,£38.75,
1020101,Scandi 3 Drawer Bedside in White,£23.90,£29.88,£30.54,
1020111,Scandi 3 Drawer Bedside in Pine,£23.90,£29.88,£30.54,
1020201,Scandi 2 + 4 Drawer Chest in White,£57.14,£71.43,£74.76,
1020211,Scandi 2 + 4 Drawer Chest in Pine,£57.14,£71.43,£74.76,
1020401,Scandi 6 + 6 Drawer Extra wide chest in White,£96.89,£121.11,£123.89,
1022101,Scandi 2 Door 2 Drawer Combi Wardrobe in White,£83.93,£104.91,£107.25,
1022111,Scandi 2 Door 2 Drawer Combi Wardrobe in Pine,£83.93,£104.91,£107.25,
1022311,Scandi 2 Door Wardrobe with 3 drawers in Pine,£99.98,£124.98,£129.14,
1040101,Florence 3 drawer bedside in White,£40.46,£50.58,£53.88,
1040120,Florence 3 drawer bedside in Black,£42.24,£52.79,£55.76,
1040152,Florence 3 drawer bedside in Soft Grey,£42.24,£52.79,£55.76,
1040201,Florence chest with 3 drawers in White,£70.21,£87.76,£89.72,
1040220,Florence chest with 3 drawers in Black,£72.57,£90.71,£92.74,
1040252,Florence chest with 3 drawers in Soft Grey,£72.57,£90.71,£92.74,
1040301,Florence 4+2 chest in White,£86.80,£108.50,£110.92,
1040320,Florence 4+2 chest in Black,£90.54,£113.18,£115.70,
1040352,Florence 4+2 chest in Soft Grey,£90.54,£113.18,£115.70,
1040401,Florence Dressing Table with 3 drawers in White,£61.45,£76.81,£78.53,
1040420,Florence Dressing Table with 3 drawers in Black,£62.93,£78.66,£80.42,
1040452,Florence Dressing Table with 3 drawers in Soft Grey,£62.93,£78.66,£80.42,
1040652,Florence 3+3 Chest in Soft Grey,£133.53,£166.91,£170.63,
1042201,Florence Double Robe w/ 2 drw. White,£125.62,£157.03,£160.53,
1042220,Florence Double Robe w/ 2 drw. Black,£129.94,£162.43,£166.05,
1042252,Florence Double Robe w/ 2 drw. Soft Grey,£129.94,£162.43,£166.05,
1042420,Florence 3 Door 4 Drawer wardrobe with mirror in Black,£191.75,£239.68,£245.03,
1042452,Florence 3 Door 4 Drawer wardrobe with mirror in Soft Grey,£191.75,£239.68,£245.03,
1609000,Bed slats single beds Bed (90 cm wide),£16.62,£20.78,£27.20,
1614000,Bed slats for Double Bed (140 cm wide),£17.57,£21.96,£28.12,
1616000,Bed slats for Kingsize Bed (160 cm wide),£19.55,£24.44,£30.04,
1618000,Bed slats for Super Kingsize Bed (180 cm wide),£22.81,£28.51,£33.22,
3300120,4 You Bar Table Black Ash,£96.10,£120.12,£122.80,
3300121,4 You Bar Table White,£94.64,£118.30,£120.94,
3300147,4 You Bar table Sonama Oak,£96.29,£120.36,£123.05,
3300320,Designa Extending Dining Table 120cm ext to 187cm Black Ash,£133.73,£167.16,£170.89,
4010143P,Imperial Tall Glazed 1 Door 2 Drawer Narrow Cabinet in Dark Mahogany Melamine,£109.86,£137.33,£140.39,
4011043P,Imperial Tall 1 Door 2 Drawer Narrow Cabinet in Dark Mahogany Melamine,£73.45,£91.82,£93.86,
4011143P,Imperial Tall 2 Drawer Narrow Cabinet with Open Shelving in Dark Mahogany Melamine,£58.88,£73.60,£75.24,
4013143P,Imperial 2 Door 3 Drawer Glazed Display Cabinet in Dark Mahogany Melamine,£125.82,£157.28,£160.79,
4014143P,Imperial 2 Door 5 Drawer Sideboard in Dark Mahogany Melamine,£107.12,£133.90,£136.89,
4014243P,Imperial 3 Door Glazed Sideboard in Dark Mahogany Melamine,£97.63,£122.04,£124.76,
4015143P,Imperial Wide 4 Drawer TV Cabinet in Dark Mahogany Melamine,£77.04,£96.30,£98.45,
4016143P,Imperial Wall Shelving Unit in Dark Mahogany Melamine,£37.99,£47.48,£48.54,
4017043P,Imperial Coffee Table in Dark Mahogany Melamine,£67.97,£84.96,£86.85,
4020144P,Chelsea Living Tall Glazed Narrow Display unit (RHD) in white with an Truffle Oak Trim,£155.93,£194.91,£199.26,
4020244P,Chelsea Living Tall Glazed Narrow Display unit (LHD) in white with an Truffle Oak Trim,£156.13,£195.16,£199.51,
4020344P,Chelsea Wall Mirror 164 cm Wide in White,£53.01,£66.26,£67.74,
4020444P,Chelsea Wall Mirror 109.5 cm Wide in White,£37.03,£46.29,£47.32,
4020544,Chelsea Living Tall Glazed Wide Display unit (RHD) in white with an Truffle Oak Trim,£191.98,£239.97,£245.32,
4020644P,Chelsea Living Tall Glazed Wide Display unit (LHD) in white with an Truffle Oak Trim,£191.98,£239.97,£245.32,
4023244P,Chelsea Living Low Display Cabinet 85 cm wide in white with an Truffle Oak Trim,£150.59,£188.24,£192.44,
4023344P,Chelsea Living Low Display Cabinet 109 cm wide in white with an Truffle Oak Trim,£175.88,£219.85,£224.75,
4023444P,Chelsea Living 1 Drawer 2 Door Sideboard 85 cm Wide in white with an Truffle Oak Trim,£98.81,£123.52,£126.27,
4023544,Chelsea Living 1 drawer 2 door sideboard in white with an Truffle Oak Trim,£114.58,£143.23,£146.42,
4024044,Chelsea Living 2 drawer 3 door sideboard in white with an Truffle Oak Trim,£172.97,£216.21,£221.03,
4024244P,Chelsea Living 3 Door Glazed Sideboard in white with an Truffle Oak Trim,£152.41,£190.52,£194.77,
4025544,Chelsea Living Wide TV Unit in white with an Truffle Oak Trim,£100.93,£126.16,£128.97,
4025144P,Chelsea Living Wide 3 door TV Unit in white with an Truffle Oak Trim,£101.05,£126.31,£129.13,
4026044,Chelsea Living Wall Shelf in white with an Truffle Oak Trim,£29.03,£36.29,£39.27,
4026544P,Chelsea Living 1 Door Wall Cupboard in white with an Truffle Oak Trim,£40.30,£50.37,£51.50,
4026644P,Chelsea Living 1 Door Wall Cupboard (front trim) in white with an Truffle Oak Trim,£40.90,£51.12,£52.26,
4027044,Chelsea Living Designer Coffee Table in white with an Truffle Oak Trim,£62.61,£78.26,£80.01,
4027144P,Chelsea Living Small Designer Coffee Table in white with an Truffle Oak Trim,£42.59,£53.24,£54.43,
4027544,Chelsea Living Extending Dining Table in white with an Truffle Oak Trim,£179.37,£224.21,£229.21,
4022044,Chelsea Bedroom 2 door robe in white with an Truffle Oak Trim,£155.39,£194.24,£198.57,
4022244,Chelsea Bedroom 3 door Robe with Mirror in white with an Truffle Oak Trim,£286.38,£357.98,£365.96,
4022344P,Chelsea Bedroom 4 Door wardrobe with mirrors in white with an Truffle Oak Trim,£385.09,£481.36,£492.09,
4024444,Chelsea Bedroom 4 drawer chest in white with an Truffle Oak Trim,£115.83,£144.78,£148.01,
4028044,Chelsea Bedroom Desk/Dressing table in white with an Truffle Oak Trim,£84.55,£105.69,£108.05,
4029144,Chelsea Bedroom Double Bed in white with an Truffle Oak Trim,£163.44,£204.30,£208.85,
4029244P,Chelsea Bedroom Kingsize Bed in white with an Truffle Oak Trim,£177.30,£221.62,£226.56,
4029344P,Chelsea Bedroom Super Kingsize Bed in white with an Truffle Oak Trim,£190.81,£238.51,£243.83,
4029444,Chelsea Bedroom Kingsize Bed in white with an Oak trim with Lift Up Function.,£393.47,£491.83,£502.80,
4029544P,Chelsea Bedroom Bedside Extension for bed in white with an Truffle Oak Trim,£46.98,£58.72,£60.03,
4029644,Chelsea Bedroom 2 drawer bedside in white with an Truffle Oak Trim,£42.08,£52.60,£53.78,
4030145P,Kensington Tall Narrow 2 Door Glazed Display Cabinet (LHD),£114.32,£142.90,£146.08,
4030245P,Kensington Tall Narrow 2 Door Glazed Display Cabinet (RHD),£114.32,£142.90,£146.08,
4030645,Kensington Tall 3 door display cabinet in Oak,£184.31,£230.39,£235.53,
4031045P,Kensington Tall Narrow 2 Door Cupboard,£112.66,£140.82,£143.96,
4032045P,Kensington Tall Wide 2 Door Wardrobe,£165.68,£207.10,£211.72,
4032245,Kensington 3 Door Wardrobe with Centre Mirror doorin Oak,£327.61,£409.52,£418.65,
4032345,Kensington 4 Door Wardrobe with 2 Mirror doors in Oak,£402.30,£502.88,£514.10,
4033045,Kensington Living 4 door 1 drawer cupboard in Oak,£116.83,£146.03,£149.29,
4033145P,Kensington 4 Door Cabinet,£113.33,£141.66,£144.82,
4033245P,Kensington 3 Door Glazed Cabinet ,£127.18,£158.97,£162.52,
4033345P,Kensington 2 Door 3 Drawer Cabinet ,£152.85,£191.06,£195.33,
4033445,Kensington 5 Drawer Chest in Oak,£151.79,£189.74,£193.97,
4034045P,Kensington Wide 4 Drawer 4 door Sideboard,£214.69,£268.36,£274.34,
4034145,Kensington Living 2 door 3+3 drawer sideboard in Oak,£205.99,£257.49,£263.23,
4034245P,Kensington 3 Door 3 Drawer Sideboard,£177.77,£222.21,£227.16,
4034345P,Kensington 3 Door 3 Drawer Glazed Sideboard,£181.28,£226.60,£231.65,
4034445,Kensington 4 + 4 Wide Chest of Drawers in Oak.,£205.82,£257.27,£263.01,
4035145,Kensington Wide 3 drawer TV unit  in Oak,£115.45,£144.31,£147.53,
4035245P,Kensington 2 Door 1 Drawer Wide TV Cabinet,£102.19,£127.74,£130.59,
4036145P,Kensington 150CM Wall Shelf,£26.16,£32.69,£36.47,
4037145,Kensington Coffee Table in Oak,£64.36,£80.45,£82.24,
4037545,Kensington Extending Dining Table in Oak,£136.54,£170.67,£174.48,
4039145,Kensington 140cm Double Bed frame with lift up frame inc slats in Oak.,£411.09,£513.86,£525.32,
4039245,Kensington 160cm Double Bed frame with lift up frame inc slats in Oak.,£426.49,£533.11,£545.00,
4039545,Kensington 2 Drawer Bedside Cabinet LH Drawer (wall fixing) in Oak.,£53.95,£67.44,£68.95,
4039645,Kensington 2 Drawer Bedside Cabinet RH Drawer (wall fixing) in Oak.,£53.95,£67.44,£68.95,
4050721,4 You Low wide Bookcase in Pearl White,£24.63,£30.79,£34.99,
4050747,4 You Low Wide Bookcase in Sonama Oak,£26.22,£32.78,£36.54,
4050221,4 You Medium Wide Bookcase In Pearl White,£32.39,£40.48,£43.78,
4050247,4 You Medium Wide Bookcase in Sonama Oak,£33.18,£41.48,£44.56,
4059321,4 You Tall Wide Bookcase In Pearl White,£49.20,£61.50,£64.10,
4059347,4 You Tall Wide Bookcase in Sonama Oak,£50.99,£63.74,£65.84,
4059421,4 You Low Narrow Bookcase in Pearl White,£16.75,£20.94,£27.32,
4059447,4 You Low Narrow Bookcase in Sonama Oak,£17.75,£22.19,£28.29,
4059521,4 You Medium Narrow Bookcase in Pearl White,£21.18,£26.48,£31.64,
4059547,4 You Medium Narrow Bookcase in Sonama Oak,£22.58,£28.22,£32.99,
4050621,4 You Tall Narrow Bookcase in Pearl White,£32.66,£40.82,£43.74,
4050647,4 You Tall Narrow Bookcase in Sonama Oak,£34.45,£43.06,£45.48,
4050321,4 You 2 Door Cupboard in Pearl White,£37.35,£46.69,£49.53,
4050347,4 You 2 Door Cupboard in Sonama Oak,£39.74,£49.68,£51.85,
4050521,4 You 3 Door 2 Drawer Wide Cupboard in Pearl White,£58.09,£72.61,£74.23,
4050547,4 You 3 Door 2 Drawer Wide Cupboard in Sonama Oak,£62.27,£77.84,£79.57,
4050821,4 You 1 Drawer 1 Door Cupboard in Pearl White,£30.96,£38.70,£41.15,
4050847,4 You 1 Drawer 1 Door Cupboard in Sonama Oak,£32.85,£41.06,£42.99,
4050921,4 You 2 Door 2 Drawer Cupboard in Pearl White,£45.36,£56.69,£58.80,
4050947,4 You 2 Door 2 Drawer Cupboard in Sonama Oak,£48.74,£60.92,£62.28,
4051021,4 You 4 Drawer Chest in Pearl White,£59.15,£73.94,£75.58,
4051047,4 You 4 Drawer Chest in Sonama Oak,£63.83,£79.78,£81.56,
4051121,4 You 7 drawer narrow chest in Pearl White,£50.62,£63.27,£64.69,
4051147,4 You 7 Drawer narrow chest in Sonama Oak,£55.20,£69.00,£70.54,
4051221,4 You 2 Drawer low chest/ Bedside in Pearl White,£21.85,£27.31,£32.28,
4051247,4 You 2 Drawer low chest/ Bedside in Sonama Oak,£23.44,£29.30,£33.83,
4051321,4 You Tall 2 Door 2 Drawer Cupboard in Pearl White,£53.55,£66.94,£69.35,
4051421,4 You Tall 3 Door 2 Drawer Cupboard in Pearl White,£68.87,£86.09,£88.01,
4051521,4 You Corner Cupboard in Pearl White,£45.97,£57.46,£58.74,
4051547,4 You Corner Cupboard in Sonama Oak,£47.96,£59.95,£61.29,
4051721,4 You Room Divider in Pearl White ,£49.40,£61.75,£65.05,
4051747,4 You Room Divider in Sonama Oak,£55.42,£69.28,£70.97,
4051847,4 You Wide Nest of Tables 1+2,£40.58,£50.72,£54.16,
4051947,4 You Small Nest of Tables 1+1+1,£36.98,£46.23,£48.53,
4052021,4 You 2 door wardrobe in Pearl White,£77.09,£96.36,£103.33,
4052221,4 You Single bed in Pearl White,£74.90,£93.63,£95.72,
4058247,4 You Coffee Table In Sonama Oak ,£43.25,£54.06,£55.27,
4058447,4 You Wide Coffee Table/ TV Unit In Sonama Oak,£34.17,£42.72,£44.58,
4058547,4 You Coffee Table/TV Unit In Sonama Oak,£29.80,£37.25,£40.02,
4051039,4KIDS Tall 2 door cabinet in light oak and white high gloss with opalino handles,£106.94,£133.68,£136.66,
4051139,4KIDS Tall 2 drawer bookcase in light oak and white high gloss with opalino handles,£84.36,£105.44,£107.80,
4052039,4KIDS 2 door 2 drawer wardrobe in light oak and white high gloss with opalino handles,£191.67,£239.59,£244.94,
4052139,4KIDS Corner wardrobe in light oak and white high gloss with opalino handles,£239.97,£299.97,£306.65,
4053039,4KIDS Low cabinet with shelves (sliding door) in light oak and white high gloss with opalino handles,£126.75,£158.44,£161.98,
4053139,4KIDS 2 door 1 drawer cupboard with open shelf in light oak and white high gloss with opalino handles,£105.65,£132.06,£135.00,
4053239,4KIDS 2 door 2 drawer cabinet in light oak and white high gloss with opalino handles,£120.40,£150.50,£153.86,
4053339,4KIDS 1 door 1 drawer narrow cabinet in light oak and white high gloss with opalino handles,£73.34,£91.68,£93.73,
4053639,4KIDS 2 door 1 drawer cupboard with 2 open shelves in light oak and white high gloss with opalino handles,£106.94,£133.68,£136.66,
4054139,4KIDS 2 door 4 drawer sideboard in light oak and white high gloss with opalino handles,£143.90,£179.88,£183.89,
4058539,4KIDS 1 door desk mobile in light oak and white high gloss with opalino handles,£45.25,£56.56,£57.82,
4059039,4KIDS Single bed with under drawer in light oak and white high gloss with opalino handles,£173.43,£216.78,£221.62,
4059539,4KIDS 1 drawer bedside cabinet in light oak and white high gloss with opalino handles,£37.74,£47.18,£48.23,
4051040,4KIDS Tall 2 door cabinet in light oak and white high gloss with lilac handles,£106.94,£133.68,£136.66,
4051140,4KIDS Tall 2 drawer bookcase in light oak and white high gloss with lilac handles,£84.36,£105.44,£107.80,
4052040,4KIDS 2 door 2 drawer wardrobe in light oak and white high gloss with lilac handles,£191.67,£239.59,£244.94,
4052140,4KIDS Corner wardrobe in light oak and white high gloss with lilac handles,£239.97,£299.97,£306.65,
4053040,4KIDS Low cabinet with shelves (sliding door) in light oak and white high gloss with lilac handles,£126.75,£158.44,£161.98,
4053140,4KIDS 2 door 1 drawer cupboard with open shelf in light oak and white high gloss with lilac handles,£105.65,£132.06,£135.00,
4053240,4KIDS 2 door 2 drawer cabinet in light oak and white high gloss with lilac handles,£120.40,£150.50,£153.86,
4053340,4KIDS 1 door 1 drawer narrow cabinet in light oak and white high gloss with lilac handles,£73.34,£91.68,£93.73,
4053640,4KIDS 2 door 1 drawer cupboard with 2 open shelves in light oak and white high gloss with lilac handles,£106.94,£133.68,£136.66,
4054140,4KIDS 2 door 4 drawer sideboard in light oak and white high gloss with lilac handles,£143.90,£179.88,£183.89,
4058540,4KIDS 1 door desk mobile in light oak and white high gloss with lilac handles,£45.25,£56.56,£57.82,
4059040,4KIDS Single bed with under drawer in light oak and white high gloss with lilac handles,£173.43,£216.78,£221.62,
4059540,4KIDS 1 drawer bedside cabinet in light oak and white high gloss with lilac handles,£37.74,£47.18,£48.23,
4051041,4KIDS Tall 2 door cabinet in light oak and white high gloss with lemon handles,£106.94,£133.68,£136.66,
4051141,4KIDS Tall 2 drawer bookcase in light oak and white high gloss with lemon handles,£84.36,£105.44,£107.80,
4052041,4KIDS 2 door 2 drawer wardrobe in light oak and white high gloss with lemon handles,£191.67,£239.59,£244.94,
4052141,4KIDS Corner wardrobe in light oak and white high gloss with lemon handles,£239.97,£299.97,£306.65,
4053041,4KIDS Low cabinet with shelves (sliding door) in light oak and white high gloss with lemon handles,£126.75,£158.44,£161.98,
4053141,4KIDS 2 door 1 drawer cupboard with open shelf in light oak and white high gloss with lemon handles,£105.65,£132.06,£135.00,
4053241,4KIDS 2 door 2 drawer cabinet in light oak and white high gloss with lemon handles,£120.40,£150.50,£153.86,
4053341,4KIDS 1 door 1 drawer narrow cabinet in light oak and white high gloss with lemon handles,£73.34,£91.68,£93.73,
4053641,4KIDS 2 door 1 drawer cupboard with 2 open shelves in light oak and white high gloss with lemon handles,£106.94,£133.68,£136.66,
4054141,4KIDS 2 door 4 drawer sideboard in light oak and white high gloss with lemon handles,£143.90,£179.88,£183.89,
4058541,4KIDS 1 door desk mobile in light oak and white high gloss with lemon handles,£45.25,£56.56,£57.82,
4059041,4KIDS Single bed with under drawer in light oak and white high gloss with lemon handles,£173.43,£216.78,£221.62,
4059541,4KIDS 1 drawer bedside cabinet in light oak and white high gloss with lemon handles,£37.74,£47.18,£48.23,
4051044P,4KIDS Tall 2 door cabinet in light oak and white high gloss with orange handles,£109.48,£136.84,£139.90,
4051144P,4KIDS Tall 2 drawer bookcase in light oak and white high gloss with orange handles,£86.31,£107.89,£110.30,
4052044P,4KIDS 2 door 2 drawer wardrobe in light oak and white high gloss with orange handles,£196.24,£245.30,£250.77,
4052144P,4KIDS Corner wardrobe in light oak and white high gloss with orange handles,£245.65,£307.06,£313.91,
4053044P,4KIDS Low cabinet with shelves (sliding door) in light oak and white high gloss with orange handles,£129.73,£162.17,£165.78,
4053144P,4KIDS 2 door 1 drawer cupboard with open shelf in light oak and white high gloss with orange handles,£108.15,£135.19,£138.20,
4053244P,4KIDS 2 door 2 drawer cabinet in light oak and white high gloss with orange handles,£123.28,£154.10,£157.53,
4053344P,4KIDS 1 door 1 drawer narrow cabinet in light oak and white high gloss with orange handles,£75.08,£93.85,£95.94,
4053644P,4KIDS 2 door 1 drawer cupboard with 2 open shelves in light oak and white high gloss with orange handles,£109.47,£136.83,£139.88,
4054144P,4KIDS 2 door 4 drawer sideboard in light oak and white high gloss with orange handles,£147.33,£184.17,£188.27,
4056044,4KIDS 81 cm wall shelf in light oak and white high gloss,£20.26,£25.33,£30.95,
4056144,4KIDS 110 cm wall shelf in light oak and white high gloss,£26.02,£32.53,£36.62,
4056244P,4KIDS 70 cm sectioned wall shelfin light oak and white high gloss,£10.47,£13.09,£21.21,
4058144P,4KIDS Desk in light oak and white high gloss,£39.00,£48.75,£50.80,
4058544P,4KIDS 1 door desk mobile in light oak and white high gloss with orange handles,£46.31,£57.89,£59.18,
4059044P,4KIDS Single bed with under drawer in light oak and white high gloss with orange handles,£177.15,£221.43,£226.37,
4059544P,4KIDS 1 drawer bedside cabinet in light oak and white high gloss with orange handles,£38.63,£48.29,£49.36,
4131100,Quadro 1 Point light fitting inc GB plug - For product group 402,£21.01,£26.26,£31.46,
4131200,Quadro 2 Point light fitting inc GB plug - For product group 402,£28.97,£36.21,£39.21,
4132100,Slim light fitting for wardrobes inc GB plug - For product group 402,£46.68,£58.35,£59.65,
4134100,"LED lighting (1 light) - For product group 401, 403, 411",£10.51,£13.14,£21.31,
4134200,"LED lighting (2 lights) - For product group 401, 403, 411, 420",£15.63,£19.54,£26.23,
4134300,"LED lighting (3 lights) - For product group 401, 403, 411, 420",£16.63,£20.78,£27.20,
4134400,"LED lighting (4 lights) - For product group 401, 403, 411, 420",£17.82,£22.28,£28.36,
4134600,"LED lighting (6 lights) - For product group 401, 403, 411, 420",£20.41,£25.51,£30.88,
4135100,"Queen Led Halogen Lighting - For product group 404, 414",£23.99,£29.99,£34.37,
4136200,Prismatic Lighting (L -460 2PKT) Inc GB plug - For product group 419,£27.40,£34.25,£37.93,
4137100,Square 1 P. With foot switch - For product group 429,£17.69,£22.11,£28.48,
4137200,Square 2 P. With foot switch  - For product group 429,£29.36,£36.71,£39.59,
4137300,Square 3 P. With foot switch  - For product group 429,£35.93,£44.91,£45.99,
4137400,Clips Dojo 3D 2 P with foot switch - For product group 428,£23.39,£29.24,£33.78,
4137500,Clips Dojo 3D 1 P with foot switch - For product group 428,£16.43,£20.53,£27.01,
4138140,Warm White LED strip 135 cm - For product group 430,£24.99,£31.23,£35.33,
4138160,Warm White LED strip 155 cm - For product group 430,£26.58,£33.22,£36.88,
4138180,Warm White LED strip 175 cm - For product group 430,£27.77,£34.71,£38.05,
4138200,Flexi light 2P - For product group 430,£75.14,£93.92,£96.02,
4138300,LED L970 pipe wardrobe light - For product group 430,£48.18,£60.22,£61.57,
4138400,Butterfly Reading lamp,£31.75,£39.69,£41.92,
4140143P,Pello Tall Narrow 1 Door 3 Drawer Glazed Display Cabinet in Dark Mahogany,£83.20,£104.00,£106.31,
4141043P,Pello Tall Narrow 1 Door 3 Drawer Cupboard in Dark Mahogany,£73.70,£92.13,£94.19,
4141143P,Pello Tall Narrow 3 Drawer Bookcase in Dark Mahogany,£63.04,£78.80,£80.56,
4142043P,Pello 2 Door Wardrobe in Dark Mahogany,£117.64,£147.05,£150.33,
4142143P,Pello Corner Wardrobe in Dark Mahogany,£161.16,£201.45,£205.94,
4143043P,Pello 1 Door 5 Drawer Cabinet in Dark Mahogany,£77.36,£96.70,£98.85,
4143143P,Pello 5 Drawer Wide Chest in Dark Mahogany,£66.82,£83.53,£85.39,
4144043P,Pello 2 Door 4 Drawer Extra Wide Sideboard in Dark Mahogany,£103.76,£129.70,£132.59,
4144143P,Pello 2 Door 4 Drawer Sideboard in Dark Mahogany,£92.84,£116.05,£118.64,
4144243P,Pello 3 Door Sideboard (Glazed Centre) in Dark Mahogany,£84.63,£105.78,£108.14,
4145043P,Pello 2 Door 1 Drawer Wide TV Cabinet in Dark Mahogany,£64.08,£80.10,£82.20,
4145143P,Pello 2 Door 1 Drawer TV Cabinet in Dark Mahogany,£56.81,£71.02,£72.60,
4146043P,Pello 166 cm Wide Wall Shelf in Dark Mahogany,£37.49,£46.86,£48.11,
4146143P,Pello 136 cm Wide Wall Shelf in Dark Mahogany,£31.00,£38.75,£41.18,
4147043P,Pello Large Coffee Table in Dark Mahogany,£81.64,£102.05,£104.32,
4147143P,Pello Small Coffee Table in Dark Mahogany,£65.87,£82.34,£84.17,
4147543P,Pello Extending Dining Table in Dark Mahogany,£102.07,£127.59,£130.43,
4148043P,Pello Twin Pedestal Desk in Dark Mahogany,£75.89,£94.86,£96.97,
4190161,Shetland 1 Door 1 Drawer Narrow Glazed display cabinet in Shetland Oak,£114.91,£143.63,£146.83,
4191061,Shetland 2 Door 2 Drawer narrow cabinet  in Shetland Oak,£97.48,£121.85,£124.56,
4191161,Shetland Tall Narrow 3 Drawer bookcase  in Shetland Oak,£88.27,£110.34,£112.80,
4191261,Shetland Tall wide 1 door 4 drawer bookcase  in Shetland Oak,£137.48,£171.85,£175.69,
4192161,Shetland 2 Door cupboard  in Shetland Oak,£198.00,£247.50,£253.02,
4193161,Shetland 1 Door 4 drawer display cabinet  in Shetland Oak,£103.25,£129.06,£131.94,
4193261,Shetland 1 Door 6 drawer cupboard  in Shetland Oak,£109.69,£137.11,£140.17,
4194161,Shetland 2 door 6 drawer chest  in Shetland Oak,£122.86,£153.57,£157.00,
4194261,Shetland 1 Door 5 drawer cupboard  in Shetland Oak,£105.84,£132.29,£135.24,
4194361,Shetland 1 Door 3 drawer sideboard  in Shetland Oak,£100.00,£125.00,£127.79,
4195161,Shetland 1 Door 3 drawer TV cabinet  in Shetland Oak,£80.66,£100.83,£103.08,
4195261,Shetland 1 Door 3 drawer low TV cabinet  in Shetland Oak,£68.75,£85.93,£87.85,
4196161,Shetland Wide wall shelf  in Shetland Oak,£26.62,£33.27,£36.92,
4197161,Shetland Coffee table with shelf  in Shetland Oak,£44.63,£55.79,£57.79,
4197661,Shetland Extending Dining Table  in Shetland Oak,£174.72,£218.40,£223.27,
4198061,Shetland Desk  in Shetland Oak,£84.62,£105.77,£108.13,
4200144,Toronto Low glazed 2 door display cabinet with internal shelves (inc. Plexi Lighting),£210.83,£263.54,£269.42,
4200244,Toronto Tall narrow glazed display cabinet with internal shelves (inc. Plexi Lighting),£187.64,£234.55,£239.78,
4200644,Toronto Tall wide 2 Door glazed display cabinet. with internal shelves (inc. Plexi Lighting),£333.37,£416.71,£426.00,
4202044,Toronto 3 Door 1 Drawer Sideboard (inc. Plexi Lighting),£172.25,£215.31,£220.11,
4202144,Toronto 140 cm wide TV Cabinet,£105.50,£131.88,£134.82,
4202244,Toronto 190 cm wide TV Cabinet,£130.42,£163.02,£166.66,
4202344,Toronto 2 Door 3 Drawer Sideboard (inc. Plexi Lighting),£203.09,£253.86,£259.52,
4202544,Toronto Wide 4 Door 2 Drawer Sideboard (inc. Plexi Lighting),£247.75,£309.69,£316.60,
4202744,Toronto Low 2 Door cabinet with open shelf (inc. Plexi Lighting),£177.49,£221.86,£226.81,
4202944,Toronto 3 Door Sideboard with open shelving (inc. Plexi Lighting),£169.14,£211.42,£216.14,
4203144,Toronto 125 cm Wall shelf,£23.06,£28.83,£33.46,
4203244,Toronto 165 cm Wall shelf,£29.42,£36.78,£39.65,
4203644,Toronto Rear Wall fitting for 190 cm TV Cabinet (inc. Tasma Flex Lighting),£116.34,£145.43,£148.67,
4203744,Toronto Rear Wall fitting for 140cm TV Cabinet (inc Tasma Flex Lighting),£94.27,£117.84,£120.46,
4204244,Toronto 160 cm Dining Table,£74.40,£93.00,£95.08,
4204644,Toronto Coffee Table with shelf,£29.94,£37.43,£40.16,
4211062,Angel Tall Narrow One Door 3 Drawer Narrow Cupboard,£103.22,£129.03,£131.90,
4211162,Angel Tall Narrow 3 Drawer Bookcase,£91.49,£114.37,£116.92,
4212062,Angel 2 Door 2 Drawer Fitted Wardrobe,£170.39,£212.99,£217.74,
4212162,Angel Corner Fitted Wardrobe,£189.76,£237.19,£242.48,
4212262,Angel 3 door wardrobe,£295.57,£369.46,£377.70,
4213162,Angel 3 door 1 Drawer Cupboard,£91.36,£114.21,£116.75,
4213262,Angel 3 Drawer Cupboard with Open Shelf,£86.33,£107.91,£110.32,
4213362,Angel 4 Door 2 Drawer Cupboard,£90.44,£113.05,£115.57,
4213562,Angel 1 Door 3 Drawer Chest,£72.88,£91.10,£93.13,
4214162,Angel 1 Door 2+3 drawer Chest,£98.73,£123.41,£126.16,
4214262,Angel 2 Door 3+3 Drawer Wide Chest,£102.17,£127.72,£130.56,
4214362,Angel 2+3 Chest of Drawers,£81.17,£101.46,£103.73,
4214462,Angel 1 Drawer Low Bookcase,£57.24,£71.55,£73.15,
4216062,Angel Top Unit for Desk,£50.29,£62.87,£64.27,
4216162,Angel 118.7cm Wall Shelf,£18.82,£23.53,£29.34,
4216262,Angel 84cm Wall Shelf,£14.98,£18.72,£25.60,
4218062,Angel 2 Drawer 1 Door Desk,£103.63,£129.54,£132.43,
4219062,Angel Single Bed with underbed Drawer (Inc Slats),£144.91,£181.13,£185.17,
4219162,Angel 140 cm double bed,£162.22,£202.77,£207.29,
4219262,Angel 160 cm kingsize bed,£170.72,£213.40,£218.16,
4219362,Angel 180 cm super kingsize bed,£180.42,£225.52,£230.55,
4219562,Angel 1 Drawer Bedside Cabinet,£28.43,£35.53,£38.68,
4219662,Angel underbed drawer,£50.70,£63.37,£64.78,
4219962,Angel Cot storage drawer,£34.83,£43.54,£45.40,
4260165,Lyon 2 drawer TV cabinet (including LED lighting) in Riviera Oak/White High Gloss,£134.48,£168.10,£171.85,
4260166,Lyon 2 drawer TV cabinet (including LED lighting) in Platinum/Light Grey Gloss,£156.77,£195.97,£200.34,
4260265,Lyon 1 drawer TV cabinet with open shelf (including LED lighting) in Riviera Oak/White High Gloss,£109.56,£136.95,£140.00,
4260266,Lyon 1 drawer TV cabinet with open shelf (including LED lighting) in Platinum/Light Grey Gloss,£122.50,£153.12,£156.54,
4260365,Lyon 2 door 3 drawer sideboard (including LED lighting) in Riviera Oak/White High Gloss,£191.79,£239.74,£245.09,
4260366,Lyon 2 door 3 drawer sideboard (including LED lighting) in Platinum/Light Grey Gloss,£218.46,£273.08,£279.17,
4260465,Lyon 3 door glazed sideboard (including LED lighting) in Riviera Oak/White High Gloss,£195.18,£243.97,£249.41,
4260466,Lyon 3 door glazed sideboard (including LED lighting) in Platinum/Light Grey Gloss,£218.06,£272.58,£278.66,
4260565,Lyon 120cm wall shelf in Riviera Oak/White High Gloss,£25.85,£32.31,£36.17,
4260566,Lyon 120cm wall shelf in Platinum/Light Grey Gloss,£21.27,£26.59,£31.72,
4260665,Lyon 140cm wall shelf in Riviera Oak/White High Gloss,£39.44,£49.30,£50.40,
4260666,Lyon 140cm wall shelf in Platinum/Light Grey Gloss,£42.63,£53.28,£54.47,
4260765,Lyon 130cm wall shelf in Riviera Oak/White High Gloss,£26.77,£33.47,£37.07,
4260766,Lyon 130cm wall shelf in Platinum/Light Grey Gloss,£26.77,£33.47,£37.07,
4260865,Lyon Designer coffee table in Riviera Oak/White High Gloss,£50.28,£62.85,£64.25,
4260866,Lyon Designer coffee table in Platinum/Light Grey Gloss,£92.87,£116.08,£118.67,
4260965,Lyon Designer coffee table on wheels in Riviera Oak/White High Gloss,£53.20,£66.50,£67.99,
4260966,Lyon Designer coffee table on wheels in Platinum/Light Grey Gloss,£95.79,£119.74,£122.41,
4261065,Lyon Narrow display cabinet (LHD) 164.1cm high (including LED lighting) in Riviera Oak/White High Gloss,£171.93,£214.91,£219.70,
4261066,Lyon Narrow display cabinet (LHD) 164.1cm high (including LED lighting) in Platinum/Light Grey Gloss,£194.81,£243.52,£248.95,
4261165,Lyon Narrow display cabinet (RHD) 164.1cm high (including LED lighting) in Riviera Oak/White High Gloss,£171.93,£214.91,£219.70,
4261166,Lyon Narrow display cabinet (RHD) 164.1cm high (including LED lighting) in Platinum/Light Grey Gloss,£194.81,£243.52,£248.95,
4261265,Lyon Narrow display cabinet (LHD) 123.6cm high (including LED lighting) in Riviera Oak/White High Gloss,£135.81,£169.76,£173.54,
4261266,Lyon Narrow display cabinet (LHD) 123.6cm high (including LED lighting) in Platinum/Light Grey Gloss,£153.32,£191.65,£195.92,
4261365,Lyon Narrow display cabinet (RHD) 123.6cm high (including LED lighting) in Riviera Oak/White High Gloss,£135.81,£169.76,£173.54,
4261366,Lyon Narrow display cabinet (RHD) 123.6cm high (including LED lighting) in Platinum/Light Grey Gloss,£153.32,£191.65,£195.92,
4261465,Lyon Tall narrow display cabinet (LHD) (including LED lighting) in Riviera Oak/White High Gloss,£199.89,£249.87,£255.44,
4261466,Lyon Tall narrow display cabinet (LHD) (including LED lighting) in Platinum/Light Grey Gloss,£223.38,£279.22,£285.45,
4261565,Lyon Tall narrow display cabinet (RHD) (including LED lighting) in Riviera Oak/White High Gloss,£199.89,£249.87,£255.44,
4261566,Lyon Tall narrow display cabinet (RHD) (including LED lighting) in Platinum/Light Grey Gloss,£223.38,£279.22,£285.45,
4261665,Lyon 2 door designer cabinet (LH) (including LED lighting) in Riviera Oak/White High Gloss,£198.75,£248.44,£253.98,
4261666,Lyon 2 door designer cabinet (LH) (including LED lighting) in Platinum/Light Grey Gloss,£223.03,£278.79,£285.01,
4261765,Lyon 2 door designer cabinet (RH) (including LED lighting) in Riviera Oak/White High Gloss,£198.75,£248.44,£253.98,
4261766,Lyon 2 door designer cabinet (RH) (including LED lighting) in Platinum/Light Grey Gloss,£223.03,£278.79,£285.01,
4261865,Lyon Bookcase (RH) in Riviera Oak/White high gloss,£72.60,£90.76,£92.78,
4261965,Lyon Bookcase (LH) in Riviera Oak/White high gloss,£72.60,£90.76,£92.78,
4267565,Lyon Small exdending dining table 90/180 cm in Riviera Oak/White high gloss,£122.03,£152.53,£155.93,
4267665,Lyon Medium extending dining table 140/180 cm in Riviera Oak/White high gloss,£109.75,£137.18,£140.24,
4267765,Lyon Large extending dining table 160/200 cm Riviera Oak/White high gloss,£119.29,£149.11,£152.43,
4270101,Hampshire 3 drawer bedside in white textured MDF and white melamine,£48.91,£61.14,£62.50,
4270201,Hampshire 5 drawer narrow chest in white textured MDF and white melamine.,£68.79,£85.98,£87.90,
4270301,Hampshire 3 drawer wide chest in white textured MDF and white melamine,£75.35,£94.18,£96.28,
4270401,Hampshire 2 plus 4 chest of drawers in white textured MDF and white melamine,£115.51,£144.38,£147.60,
4270501,Hampshire Ottoman in white textured MDF and white melamine,£49.17,£61.46,£62.83,
4270601,Hampshire 3 drawer dressing table in white textured MDF and white melamine,£75.87,£94.83,£96.95,
4270701,Hampshire 2 door robe in white textured MDF and white melamine,£127.97,£159.96,£163.53,
4270801,Hampshire 2 door 2 drawer robe in white textured MDF and white melamine,£149.51,£186.89,£191.05,
4270901,Hampshire 3 door 4 drawer robe in white textured MDF and white melamine,£234.27,£292.83,£299.36,
4281144,Toledo 1 door display cabinet (LH),£161.92,£202.40,£206.92,
4281244,Toledo 1 door display cabinet (RH),£161.92,£202.40,£206.92,
4281344,Toledo 1 door low display cabinet (LH),£159.14,£198.92,£203.36,
4281444,Toledo 1 door low display cabinet (RH),£159.14,£198.92,£203.36,
4284144,Toledo 2 door sideboard,£101.06,£126.33,£129.15,
4284244,Toledo 2 door 4 drawer sideboard,£196.51,£245.64,£251.12,
4284344,Toledo 3 door 1 drawer sideboard,£168.89,£211.11,£215.82,
4284444,Toledo 4 door 2 drawer sideboard,£225.86,£282.32,£288.62,
4285144,Toledo 2 door 1 drawer TV unit,£123.54,£154.43,£157.87,
4285244,Toledo 2 door 1 drawer wide TV unit,£129.70,£162.12,£165.74,
4286144,Toledo wallshelf,£24.59,£30.74,£34.95,
4287144,Toledo coffee table,£87.29,£109.11,£111.54,
4287244,Toledo wide coffee table,£113.13,£141.42,£144.57,
4287544,Toledo extending dining table,£107.07,£133.84,£136.82,
4291168,Havana 1 door 1 drawer display cabinet,£174.35,£217.94,£222.80,
4291268,Havana 2 door display cabinet,£146.46,£183.07,£187.16,
4293168,Havana 2 door cupboard with open shelf,£134.26,£167.82,£171.57,
4293268,Havana 2 door tall cupboard with open shelf,£145.92,£182.40,£186.47,
4294168,Havana 3 door 3 drawer sideboard,£202.61,£253.26,£258.91,
4294268,Havana 3 door sideboard,£201.27,£251.59,£257.20,
4295168,Havana 2 door 1 drawer TV unit,£127.37,£159.21,£162.76,
4295268,Havana 2 drawer TV unit,£121.80,£152.25,£155.64,
4296168,Havana wallshelf ,£41.56,£51.95,£53.11,
4297168,Havana coffee table,£85.11,£106.39,£108.76,
4297568,Havana extending dining table,£180.62,£225.78,£230.81,
4302267,Monaco 3 door wardrobe with mirror door,£424.33,£530.41,£542.24,
4302367,Monaco 4 door wardrobe with mirror doors,£534.21,£667.76,£682.66,
4304167,Monaco 2 door 5 drawer wide cupboard,£260.03,£325.03,£332.28,
4304267,Monaco 4 drawer chest,£108.75,£135.94,£138.97,
4304467,Monaco 5 drawer chest,£180.52,£225.66,£230.69,
4309167,Monaco 140 cm double bed,£276.52,£345.65,£353.36,
4309267,Monaco 160 cm kingsize bed,£300.54,£375.67,£384.05,
4309367,Monaco 180 cm super kingsize bed,£321.57,£401.96,£410.92,
4309767,Monaco 1 drawer bedside with open shelf (RH),£52.30,£65.38,£66.83,
4309867,Monaco 1 drawer bedside with open shelf (LH),£52.30,£65.38,£66.83,
4320156,Cortina Mirror,£44.89,£56.11,£57.36,
4321056,Cortina Tall cupboard (RH),£144.00,£180.00,£184.01,
4321156,Cortina Tall cupboard (LH),£144.00,£180.00,£184.01,
4321256,Cortina Tall glazed display cabinet (RH),£151.61,£189.51,£193.74,
4321356,Cortina Tall glazed display cabinet (LH),£151.61,£189.51,£193.74,
4321456,Cortina Low wide 2 door display cabinet,£177.93,£222.41,£227.37,
4321556,Cortina Tall wide 2 door glazed display cabinet,£232.92,£291.15,£297.65,
4323156,Cortina 2 door shoe cabinet,£129.92,£162.40,£166.02,
4324156,Cortina 2 door cabinet,£112.55,£140.69,£143.83,
4324256,Cortina 3 door 1 drawer sideboard,£200.39,£250.48,£256.07,
4324356,Cortina 3 door sideboard,£181.58,£226.98,£232.04,
4324456,Cortina 4 door wide sideboard,£208.99,£261.24,£267.06,
4325056,Cortina 2 drawer TV cabinet,£110.94,£138.68,£141.77,
4325156,Cortina 2 door 1 drawer wide TV cabinet,£101.90,£127.37,£130.21,
4325256,Cortina 2 door 1 drawer tall TV cabinet,£133.32,£166.65,£170.37,
4326156,Cortina Wall shelf 117 cm,£24.02,£30.03,£34.40,
4326256,Cortina Wall shelf 156 cm,£29.31,£36.64,£39.54,
4327156,Cortina Coffee table,£132.79,£165.99,£169.69,
4327556,Cortina Dining Extending table,£117.24,£146.55,£149.82,
4331067,Zingaro Low display cabinet (RH),£139.03,£173.79,£177.66,
4331167,Zingaro Low display cabinet (LH),£139.03,£173.79,£177.66,
4331267,Zingaro Tall Glazed display cabinet (RH),£118.71,£148.39,£151.70,
4331367,Zingaro Tall Glazed display cabinet (LH),£118.71,£148.39,£151.70,
4331467,Zingaro Tall display cabinet (RH),£113.61,£142.01,£145.17,
4331567,Zingaro Tall display cabinet (LH),£113.61,£142.01,£145.17,
4334167,Zingaro 1 door 2 drawer 1 compartment sideboard,£108.63,£135.79,£138.82,
4334267,Zingaro 2 door 2 drawer 1 compartment sideboard,£139.29,£174.11,£178.00,
4335167,Zingaro 1 door 1 drawer TV cabinet,£73.25,£91.57,£93.61,
4335267,Zingaro 1 door 2 drawer wide TV cabinet,£89.09,£111.36,£113.85,
4336167,Zingaro Wall shelf 133 cm,£17.82,£22.27,£28.36,
4336267,Zingaro Wall shelf 163 cm,£20.86,£26.08,£31.32,
4337167,Zingaro 2 drawer coffee table,£69.42,£86.77,£88.71,
4337567,Zingaro Dining table,£114.55,£143.18,£146.38,
4341053,Brolo Wide 1 door bookcase,£153.73,£192.16,£196.45,
4341153,Brolo Tall bookcase,£98.16,£122.70,£125.44,
4341253,Brolo Tall glazed display cabinet (RH),£155.78,£194.73,£199.07,
4341353,Brolo Tall glazed display cabinet (LH),£155.78,£194.73,£199.07,
4341453,Brolo Tall wide glazed display cabinet,£263.27,£329.09,£336.43,
4344153,Brolo 2 door 2 drawer TV unit,£181.76,£227.20,£232.27,
4344253,Brolo 3 door 1 drawer sideboard,£209.01,£261.26,£267.09,
4344353,Brolo 3 door 1 drawer wide sideboard,£238.63,£298.29,£304.94,
4346153,Brolo Wall shelf 167 cm,£19.15,£23.94,£29.66,
4346253,Brolo Wall shelf 197 cm,£21.07,£26.34,£31.52,
4347153,Brolo Coffee table,£71.40,£89.25,£91.24,
4347553,Brolo Extending Dining table,£128.40,£160.50,£164.08,
5010101,Milan High Back Chair White Faux Leather. Set of 2,£91.90,£114.88,£117.44,
5010111,Milan High Back Chair Dark Brown Faux Leather. Set of 2,£91.90,£114.88,£117.44,
5010120,Milan High Back Chair Black Faux Leather. Set of 2,£91.90,£114.88,£117.44,
5010153,Milan High Back Chair Grey Faux Leather. Set of 2,£91.90,£114.88,£117.44,
4027544401,Dining set package Chelsea Living Extending Dining Table + 4 Milan High Back Chair White,£345.01,£431.27,£440.88,
4027544411,Dining set package Chelsea Living Extending Dining Table + 4 Milan High Back Chair Dark Brown,£345.01,£431.27,£440.88,
4027544420,Dining set package Chelsea Living Extending Dining Table + 4 Milan High Back Chair Black,£345.01,£431.27,£440.88,
4027544453,Dining set package Chelsea Living Extending Dining Table + 4 Milan High Back Chair Grey,£345.01,£431.27,£440.88,
4027544601,Dining set package Chelsea Living Extending Dining Table + 6 Milan High Back Chair White,£432.32,£540.40,£552.45,
4027544611,Dining set package Chelsea Living Extending Dining Table + 6 Milan High Back Chair Dark Brown,£432.32,£540.40,£552.45,
4027544620,Dining set package Chelsea Living Extending Dining Table + 6 Milan High Back Chair Black,£432.32,£540.40,£552.45,
4027544653,Dining set package Chelsea Living Extending Dining Table + 6 Milan High Back Chair Grey,£432.32,£540.40,£552.45,
4037545401,Dining set package Kensington Extending Dining Table + 4 Milan High Back Chair White,£304.33,£380.41,£388.89,
4037545411,Dining set package Kensington Extending Dining Table + 4 Milan High Back Chair Dark Brown,£304.33,£380.41,£388.89,
4037545420,Dining set package Kensington Extending Dining Table + 4 Milan High Back Chair Black,£304.33,£380.41,£388.89,
4037545453,Dining set package Kensington Extending Dining Table + 4 Milan High Back Chair Grey,£304.33,£380.41,£388.89,
4037545601,Dining set package Kensington Extending Dining Table + 6 Milan High Back Chair White,£391.63,£489.54,£500.46,
4037545611,Dining set package Kensington Extending Dining Table + 6 Milan High Back Chair Dark Brown,£391.63,£489.54,£500.46,
4037545620,Dining set package Kensington Extending Dining Table + 6 Milan High Back Chair Black,£391.63,£489.54,£500.46,
4037545653,Dining set package Kensington Extending Dining Table + 6 Milan High Back Chair Grey,£391.63,£489.54,£500.46,
4147543P401,Dining set package Pello Extending Dining Table + 4 Milan High Back Chair White,£271.58,£339.48,£347.05,
4147543P411,Dining set package Pello Extending Dining Table + 4 Milan High Back Chair Dark Brown,£271.58,£339.48,£347.05,
4147543P420,Dining set package Pello Extending Dining Table + 4 Milan High Back Chair Black,£271.58,£339.48,£347.05,
4147543P453,Dining set package Pello Extending Dining Table + 4 Milan High Back Chair Grey,£271.58,£339.48,£347.05,
4147543P601,Dining set package Pello Extending Dining Table + 6 Milan High Back Chair White,£358.89,£448.61,£458.62,
4147543P611,Dining set package Pello Extending Dining Table + 6 Milan High Back Chair Dark Brown,£358.89,£448.61,£458.62,
4147543P620,Dining set package Pello Extending Dining Table + 6 Milan High Back Chair Black,£358.89,£448.61,£458.62,
4147543P653,Dining set package Pello Extending Dining Table + 6 Milan High Back Chair Grey,£358.89,£448.61,£458.62,
4197661401,Dining set package Shetland Extending Dining Table + 4 Milan High Back Chair White,£340.60,£425.75,£435.24,
4197661411,Dining set package Shetland Extending Dining Table + 4 Milan High Back Chair Dark Brown,£340.60,£425.75,£435.24,
4197661420,Dining set package Shetland Extending Dining Table + 4 Milan High Back Chair Black,£340.60,£425.75,£435.24,
4197661453,Dining set package Shetland Extending Dining Table + 4 Milan High Back Chair Grey,£340.60,£425.75,£435.24,
4197661601,Dining set package Shetland Extending Dining Table + 6 Milan High Back Chair White,£427.91,£534.88,£546.81,
4197661611,Dining set package Shetland Extending Dining Table + 6 Milan High Back Chair Dark Brown,£427.91,£534.88,£546.81,
4197661620,Dining set package Shetland Extending Dining Table + 6 Milan High Back Chair Black,£427.91,£534.88,£546.81,
4197661653,Dining set package Shetland Extending Dining Table + 6 Milan High Back Chair Grey,£427.91,£534.88,£546.81,
4204244401,Dining set package Toronto 160 cm Dining Table + 4 Milan High Back Chair White,£245.30,£306.62,£313.46,
4204244411,Dining set package Toronto 160 cm Dining Table + 4 Milan High Back Chair Dark Brown,£245.30,£306.62,£313.46,
4204244420,Dining set package Toronto 160 cm Dining Table + 4 Milan High Back Chair Black,£245.30,£306.62,£313.46,
4204244453,Dining set package Toronto 160 cm Dining Table + 4 Milan High Back Chair Grey,£245.30,£306.62,£313.46,
4204244601,Dining set package Toronto 160 cm Dining Table + 6 Milan High Back Chair White,£332.61,£415.76,£425.03,
4204244611,Dining set package Toronto 160 cm Dining Table + 6 Milan High Back Chair Dark Brown,£332.61,£415.76,£425.03,
4204244620,Dining set package Toronto 160 cm Dining Table + 6 Milan High Back Chair Black,£332.61,£415.76,£425.03,
4204244653,Dining set package Toronto 160 cm Dining Table + 6 Milan High Back Chair Grey,£332.61,£415.76,£425.03,
4267565401,Dining set package Lyon Small exdending dining table 90/180 + 4 Milan High Back Chair White,£290.54,£363.17,£371.27,
4267565411,Dining set package Lyon Small exdending dining table 90/180 + 4 Milan High Back Chair Dark Brown,£290.54,£363.17,£371.27,
4267565420,Dining set package Lyon Small exdending dining table 90/180 + 4 Milan High Back Chair Black,£290.54,£363.17,£371.27,
4267565453,Dining set package Lyon Small exdending dining table 90/180 + 4 Milan High Back Chair Grey,£290.54,£363.17,£371.27,
4267565601,Dining set package Lyon Small exdending dining table 90/180 + 6 Milan High Back Chair White,£377.85,£472.31,£482.84,
4267565611,Dining set package Lyon Small exdending dining table 90/180 + 6 Milan High Back Chair Dark Brown,£377.85,£472.31,£482.84,
4267565620,Dining set package Lyon Small exdending dining table 90/180 + 6 Milan High Back Chair Black,£377.85,£472.31,£482.84,
4267565653,Dining set package Lyon Small exdending dining table 90/180 + 6 Milan High Back Chair Grey,£377.85,£472.31,£482.84,
4267665401,Dining set package Lyon Medium extending dining table 140/180 + 4 Milan High Back Chair White,£278.87,£348.59,£356.37,
4267665411,Dining set package Lyon Medium extending dining table 140/180 + 4 Milan High Back Chair Dark Brown,£278.87,£348.59,£356.37,
4267665420,Dining set package Lyon Medium extending dining table 140/180 + 4 Milan High Back Chair Black,£278.87,£348.59,£356.37,
4267665453,Dining set package Lyon Medium extending dining table 140/180 + 4 Milan High Back Chair Grey,£278.87,£348.59,£356.37,
4267665601,Dining set package Lyon Medium extending dining table 140/180 + 6 Milan High Back Chair White,£366.18,£457.73,£467.94,
4267665611,Dining set package Lyon Medium extending dining table 140/180 + 6 Milan High Back Chair Dark Brown,£366.18,£457.73,£467.94,
4267665620,Dining set package Lyon Medium extending dining table 140/180 + 6 Milan High Back Chair Black,£366.18,£457.73,£467.94,
4267665653,Dining set package Lyon Medium extending dining table 140/180 + 6 Milan High Back Chair Grey,£366.18,£457.73,£467.94,
4267765401,Dining set package Lyon Large extending dining table 160/200 + 4 Milan High Back Chair White,£287.94,£359.92,£367.95,
4267765411,Dining set package Lyon Large extending dining table 160/200 + 4 Milan High Back Chair Dark Brown,£287.94,£359.92,£367.95,
4267765420,Dining set package Lyon Large extending dining table 160/200 + 4 Milan High Back Chair Black,£287.94,£359.92,£367.95,
4267765453,Dining set package Lyon Large extending dining table 160/200 + 4 Milan High Back Chair Grey,£287.94,£359.92,£367.95,
4267765601,Dining set package Lyon Large extending dining table 160/200 + 6 Milan High Back Chair White,£375.25,£469.06,£479.52,
4267765611,Dining set package Lyon Large extending dining table 160/200 + 6 Milan High Back Chair Dark Brown,£375.25,£469.06,£479.52,
4267765620,Dining set package Lyon Large extending dining table 160/200 + 6 Milan High Back Chair Black,£375.25,£469.06,£479.52,
4267765653,Dining set package Lyon Large extending dining table 160/200 + 6 Milan High Back Chair Grey,£375.25,£469.06,£479.52,
4287544401,Dining set package Toledo extending dining table + 4 Milan High Back Chair White,£276.33,£345.41,£353.12,
4287544411,Dining set package Toledo extending dining table + 4 Milan High Back Chair Dark Brown,£276.33,£345.41,£353.12,
4287544420,Dining set package Toledo extending dining table + 4 Milan High Back Chair Black,£276.33,£345.41,£353.12,
4287544453,Dining set package Toledo extending dining table + 4 Milan High Back Chair Grey,£276.33,£345.41,£353.12,
4287544601,Dining set package Toledo extending dining table + 6 Milan High Back Chair White,£363.64,£454.55,£464.69,
4287544611,Dining set package Toledo extending dining table + 6 Milan High Back Chair Dark Brown,£363.64,£454.55,£464.69,
4287544620,Dining set package Toledo extending dining table + 6 Milan High Back Chair Black,£363.64,£454.55,£464.69,
4287544653,Dining set package Toledo extending dining table + 6 Milan High Back Chair Grey,£363.64,£454.55,£464.69,
4297568401,Dining set package Havana extending dining table + 4 Milan High Back Chair White,£346.21,£432.76,£442.41,
4297568411,Dining set package Havana extending dining table + 4 Milan High Back Chair Dark Brown,£346.21,£432.76,£442.41,
4297568420,Dining set package Havana extending dining table + 4 Milan High Back Chair Black,£346.21,£432.76,£442.41,
4297568453,Dining set package Havana extending dining table + 4 Milan High Back Chair Grey,£346.21,£432.76,£442.41,
4297568601,Dining set package Havana extending dining table + 6 Milan High Back Chair White,£433.51,£541.89,£553.98,
4297568611,Dining set package Havana extending dining table + 6 Milan High Back Chair Dark Brown,£433.51,£541.89,£553.98,
4297568620,Dining set package Havana extending dining table + 6 Milan High Back Chair Black,£433.51,£541.89,£553.98,
4297568653,Dining set package Havana extending dining table + 6 Milan High Back Chair Grey,£433.51,£541.89,£553.98,
4327556401,Dining set package Cortina Dining Extending table + 4 Milan High Back Chair White,£286.00,£357.49,£365.47,
4327556411,Dining set package Cortina Dining Extending table + 4 Milan High Back Chair Dark Brown,£286.00,£357.49,£365.47,
4327556420,Dining set package Cortina Dining Extending table + 4 Milan High Back Chair Black,£286.00,£357.49,£365.47,
4327556453,Dining set package Cortina Dining Extending table + 4 Milan High Back Chair Grey,£286.00,£357.49,£365.47,
4327556601,Dining set package Cortina Dining Extending table + 6 Milan High Back Chair White,£373.30,£466.63,£477.03,
4327556611,Dining set package Cortina Dining Extending table + 6 Milan High Back Chair Dark Brown,£373.30,£466.63,£477.03,
4327556620,Dining set package Cortina Dining Extending table + 6 Milan High Back Chair Black,£373.30,£466.63,£477.03,
4327556653,Dining set package Cortina Dining Extending table + 6 Milan High Back Chair Grey,£373.30,£466.63,£477.03,
4337567401,Dining set package Zingaro Dining table + 4 Milan High Back Chair White,£283.44,£354.29,£362.19,
4337567411,Dining set package Zingaro Dining table + 4 Milan High Back Chair Dark Brown,£283.44,£354.29,£362.19,
4337567420,Dining set package Zingaro Dining table + 4 Milan High Back Chair Black,£283.44,£354.29,£362.19,
4337567453,Dining set package Zingaro Dining table + 4 Milan High Back Chair Grey,£283.44,£354.29,£362.19,
4337567601,Dining set package Zingaro Dining table + 6 Milan High Back Chair White,£370.74,£463.43,£473.76,
4337567611,Dining set package Zingaro Dining table + 6 Milan High Back Chair Dark Brown,£370.74,£463.43,£473.76,
4337567620,Dining set package Zingaro Dining table + 6 Milan High Back Chair Black,£370.74,£463.43,£473.76,
4337567653,Dining set package Zingaro Dining table + 6 Milan High Back Chair Grey,£370.74,£463.43,£473.76,
4347553401,Dining set package Brolo Extending Dining table + 4 Milan High Back Chair White,£296.60,£370.75,£379.01,
4347553411,Dining set package Brolo Extending Dining table + 4 Milan High Back Chair Dark Brown,£296.60,£370.75,£379.01,
4347553420,Dining set package Brolo Extending Dining table + 4 Milan High Back Chair Black,£296.60,£370.75,£379.01,
4347553453,Dining set package Brolo Extending Dining table + 4 Milan High Back Chair Grey,£296.60,£370.75,£379.01,
4347553601,Dining set package Brolo Extending Dining table + 6 Milan High Back Chair White,£383.90,£479.88,£490.58,
4347553611,Dining set package rolo Extending Dining table + 6 Milan High Back Chair Dark Brown,£383.90,£479.88,£490.58,
4347553620,Dining set package rolo Extending Dining table + 6 Milan High Back Chair Black,£383.90,£479.88,£490.58,
4347553653,Dining set package Brolo Extending Dining table + 6 Milan High Back Chair Grey,£383.90,£479.88,£490.58,
4350168,Aviles TV Unit - 2 Doors 2 Drawers,£114.01,£142.52,£145.69,
4350368,Aviles Sideboard - 3 Doors 3 Drawers,£146.09,£182.61,£186.68,
4350568,Aviles Sideboard - 4 Doors 2 Drawers,£194.18,£242.72,£248.13,
4350668,Aviles Wall Shelf - 141cm Wide,£18.15,£22.68,£28.93,
4350868,Aviles Bookcase - 4 Shelves,£67.73,£84.67,£86.55,
4350968,Aviles Wardrobe - 2 Doors,£186.94,£233.68,£238.89,
4351068,Aviles Cupboard - Tall & Narrow,£101.99,£127.48,£130.33,
4351168,Aviles Coffee Table,£74.17,£92.72,£94.78,
4351268,Aviles Extending Dining Table,£121.19,£151.48,£154.86,
4351368,Aviles Display Cabinet - Low & Wide,£157.46,£196.82,£201.21,
4351468,Aviles Display Cabinet - Tall & Narrow,£135.56,£169.45,£173.23,
4360169,Cordoba TV Unit - 2 Doors 1 Drawer 1 Shelf,£116.40,£145.50,£148.75,
4360369,Cordoba Sideboard - 3 Doors 2 Drawers,£168.94,£211.17,£215.88,
4360469,Cordoba Glazed Sideboard - 3 Doors 2 Drawers,£220.29,£275.37,£281.51,
4360569,Cordoba Wall Shelf - 120cm Wide,£15.15,£18.93,£25.97,
4360769,Cordoba Coffee Table - 1 Drawer 1 Shelf,£119.36,£149.20,£152.53,
4360869,Cordoba Extending Dining Table,£125.75,£157.18,£160.69,
4360969,Cordoba Display Cabinet - Low & Wide,£164.37,£205.46,£210.04,
4361069,Cordoba Display Cabinet - Tall & Narrow,£165.16,£206.44,£211.05,
4371020,Novi 1 Door 1 Drawer Desk in Alpine White,£108.69,£135.86,£138.89,
4371120,Novi 2 Door Cabinet in Alpine White,£118.59,£148.24,£151.54,
4371220,Novi 2 Door 1 Drawer Cabinet in Alpine White,£132.30,£165.38,£169.06,
4371320,Novi 3 Door 3 Drawer Cabinet in Alpine White,£148.43,£185.54,£189.68,
4371420,Novi 1 Drawer Bedside Table in Alpine White,£39.98,£49.98,£51.09,
4371520,Novi Shelf in Alpine White,£24.69,£30.86,£35.04,
4371620,Novi Mirror in Alpine White,£55.67,£69.59,£71.14,
4371720,Novi 2 Drawer Bookcase in Alpine White,£128.90,£161.13,£164.72,
4371820,Novi 2 Door Chiffonier in Alpine White,£128.78,£160.98,£164.57,
4371920,Novi 2 Door Wardrobe in Alpine White,£237.86,£297.32,£303.95,
4372020,Novi 2 Door Corner Wardrobe in Alpine White,£286.50,£358.12,£366.11,
4372120,Novi 90cm Bed in Alpine White,£169.72,£212.15,£216.88,
4372220,Novi 120cm Bed in Alpine White,£189.08,£236.35,£241.62,
4372320,Novi Display Cabinet in Alpine White,£146.82,£183.52,£187.62,
4372420,Novi 3 Door TV Cabinet in Alpine White,£110.56,£138.21,£141.29,
4372520,Novi Coffee Table in Alpine White,£45.55,£56.93,£58.20,
4372620,Novi Table in Alpine White,£111.13,£138.91,£142.01,
7187177461,Basic Low Narrow Bookcase (2 Shelves) in Black Woodgrain,£25.08,£31.35,£35.43,
71871774ak,Basic Low Narrow Bookcase (2 Shelves) in Oak,£24.53,£30.66,£34.89,
71871774dj,Basic Low Narrow Bookcase (2 Shelves) in Walnut,£25.40,£31.75,£35.73,
7187177449,Basic Low Narrow Bookcase (2 Shelves) in White,£24.13,£30.16,£34.50,
7187177661,Basic Low Wide Bookcase (2 Shelves) in Black Woodgrain,£32.73,£40.91,£42.87,
71871776ak,Basic Low Wide Bookcase (2 Shelves) in Oak,£32.33,£40.42,£42.48,
71871776dj,Basic Low Wide Bookcase (2 Shelves) in Walnut,£33.20,£41.50,£43.33,
7187177649,Basic Low Wide Bookcase (2 Shelves) in White,£31.46,£39.33,£41.64,
7187177561,Basic Tall Narrow Bookcase (4 Shelves) in Black Woodgrain,£38.07,£47.59,£48.65,
71871775ak,Basic Tall Narrow Bookcase (4 Shelves) in Oak,£36.81,£46.01,£47.14,
71871775dj,Basic Tall Narrow Bookcase (4 Shelves) in Walnut,£38.78,£48.48,£49.56,
7187177549,Basic Tall Narrow Bookcase (4 Shelves) in White,£36.65,£45.81,£46.99,
7187177761,Basic Tall Wide Bookcase (4 Shelves) in Black Woodgrain,£48.23,£60.28,£61.63,
71871777ak,Basic Tall Wide Bookcase (4 Shelves) in Oak,£47.60,£59.49,£60.82,
71871777dj,Basic Tall Wide Bookcase (4 Shelves) in Walnut,£49.26,£61.57,£62.94,
7187177749,Basic Tall Wide Bookcase (4 Shelves) in White,£46.33,£57.91,£59.20,
71980118gmak,Function Plus Corner Desk 2 Drawers in Black Matt and Oak,£83.22,£104.03,£106.35,
71980118djdj,Function Plus Corner Desk 2 Drawers in Walnut,£85.04,£106.30,£108.67,
7198011849ak,Function Plus Corner Desk 2 Drawers in White and Oak,£80.77,£100.96,£103.21,
71980122ak,Function Plus Desk 2 Drawers in Oak,£51.91,£64.88,£66.33,
71980122dj,Function Plus Desk 2 Drawers in Walnut,£53.01,£66.27,£67.74,
71980122uu,Function Plus Desk 2 Drawers in White High Gloss,£53.17,£66.46,£67.95,
71980134akak,Function Plus Desk 3 Drawers in Oak,£50.08,£62.60,£64.00,
719801344949,Function Plus Desk 3 Drawers in White,£47.39,£59.24,£60.56,
71980163akak,Function Plus Desk 5 Drawers in Oak,£59.13,£73.91,£75.56,
719801634949,Function Plus Desk 5 Drawers in White,£58.50,£73.12,£74.75,
7197048049cn,Function Plus Desk White Grey White Grey,£37.43,£46.78,£47.82,
7197048149cn,Function Plus Mobile file cabinet 2 drawers + 1 shelf White Grey,£47.90,£59.88,£61.21,
7198012349ak,Function Plus Desk 3 drawers White Oak structure,£75.45,£94.31,£96.41,
70770160akuu,Homeline Bedside 1 Drawer in Oak with White High Gloss,£25.35,£31.69,£35.69,
7072000265akuu,Homeline Bedside 2 Drawers in Oak with White High Gloss,£35.55,£44.43,£45.61,
70779937akuu,Homeline Chest of 4 Drawers in Oak with White High Gloss,£74.42,£93.03,£95.10,
70779938akuu,Homeline Sideboard - 4 Drawers 1 Door in Oak with White High Gloss,£78.45,£98.07,£100.25,
70779939akuu,Homeline Wide Chest of 8 Drawers (4+4) in Oak with White High Gloss,£129.94,£162.42,£166.05,
70779940akuu,Homeline Sideboard 2 Doors in Oak with White High Gloss,£55.85,£69.81,£71.37,
70775328akuuuu,Homeline Wardrobe - 2 Doors 2 Drawers in Oak with White High Gloss,£153.99,£192.49,£196.78,
70775329akuuuu,Homeline Wardrobe - 3 Doors 3 Drawers in Oak with White High Gloss,£233.02,£291.27,£297.77,
706702394949ak,Line Bedside 2 Drawers in White and Oak,£35.19,£43.99,£45.26,
706702384949ak,Line Chest of 3 Drawers in White and Oak,£55.18,£68.97,£70.51,
706702364949ak,Line Chest of 5 Drawers (2+3) in White and Oak,£78.04,£97.55,£99.72,
70674321akuu,Line Wardrobe - 2 Doors 4 Drawers in Oak with White High Gloss,£170.20,£212.74,£217.49,
706702354949ak,Line Wardrobe - 2 Doors 4 Drawers in White and Oak,£165.49,£206.86,£211.48,
70674320akuu,Line Wardrobe - 3 Doors 6 Drawers in Oak with White High Gloss,£238.98,£298.72,£305.39,
706702374949ak,Line Wide Chest of 6 Drawers (3+3) in White and Oak,£102.59,£128.24,£131.10,
71170066uuuu,Match TV Unit 1 Drawers 2 Shelf in White High Gloss,£53.33,£66.66,£68.15,
71170189uuuu,Match TV Unit 2 Drawers 2 Shelf in White High Gloss,£68.15,£85.19,£87.09,
71169992ak5349,Match TV Unit 2 Drawers w/ Media Compartment in Oak with Dark Grey and White,£87.76,£109.71,£112.15,
71170041akak,Match TV Unit 3 Drawers 1 Shelf in Oak,£69.96,£87.45,£89.40,
7087033186,May Bedside 1 Drawer in Black,£17.40,£21.75,£27.95,
7087033120,May Bedside 1 Drawer in Coffee,£17.63,£22.04,£28.18,
70870331cn,May Bedside 1 Drawer in Grey,£18.19,£22.74,£28.72,
7087033149,May Bedside 1 Drawer in White,£17.40,£21.75,£27.95,
7087033286,May Chest of 3 Drawers in Black,£35.03,£43.79,£45.11,
7087033220,May Chest of 3 Drawers in Coffee,£34.95,£43.69,£45.03,
70870332cn,May Chest of 3 Drawers in Grey,£36.53,£45.67,£46.69,
7087033249,May Chest of 3 Drawers in White,£34.32,£42.90,£44.42,
708703298686,May Chest of 5 Drawers in Black,£64.84,£81.06,£82.86,
708703292020,May Chest of 5 Drawers in Coffee,£65.08,£81.35,£83.17,
70870329cncn,May Chest of 5 Drawers in Grey,£67.45,£84.32,£86.20,
708703294949,May Chest of 5 Drawers in White,£63.90,£79.87,£81.65,
71471735ak86,Maze Open Bookcase 4 Shelves in Oak and Black,£47.67,£59.58,£60.91,
70271082gm,Naia Bedside - 1 Drawer 1 Shelf in Black Matt,£27.68,£34.60,£37.96,
70271082cj,Naia Bedside - 1 Drawer 1 Shelf in Truffle,£26.34,£32.92,£36.65,
70276238uu,Naia Bedside - 1 Drawer 1 Shelf in White High Gloss,£30.80,£38.50,£40.99,
70276238gxuu,Naia Bedside - 1 Drawer 1 Shelf in Concrete and White High Gloss,£28.90,£36.13,£39.14,
70271078gm,Naia Bedside - 3 Drawers in Black Matt,£45.32,£56.65,£57.92,
70271078cj,Naia Bedside - 3 Drawers in Truffle,£43.66,£54.58,£55.79,
70276237gxuu,Naia Bedside - 3 Drawers in White High Gloss,£48.41,£60.51,£61.86,
70276237gxuu,Naia Bedside - 3 Drawers in Concrete and White High Gloss,£47.46,£59.32,£60.64,
70271076gm,Naia Chest of 3 Drawers in Black Matt,£57.73,£72.16,£73.77,
70271076cj,Naia Chest of 3 Drawers in Truffle,£55.27,£69.09,£70.63,
70276235uu,Naia Chest of 3 Drawers in White High Gloss,£62.47,£78.09,£79.83,
70276235gxuu,Naia Chest of 3 Drawers in Concrete and White High Gloss,£61.44,£76.80,£78.52,
70271071gm,Naia Chest of 5 Drawers in Black Matt,£88.57,£110.72,£113.18,
70271071cj,Naia Chest of 5 Drawers in Truffle,£84.78,£105.97,£108.33,
70276231uu,Naia Chest of 5 Drawers in White High Gloss,£95.85,£119.81,£122.48,
70276231gxuu,Naia Chest of 5 Drawers in Concrete and White High Gloss,£93.48,£116.84,£119.45,
70271073gm,Naia Narrow Chest of 5 Drawers in Black Matt,£67.16,£83.95,£85.82,
70271073cj,Naia Narrow Chest of 5 Drawers in Truffle,£63.44,£79.30,£81.07,
70276233uu,Naia Narrow Chest of 5 Drawers in White High Gloss,£71.19,£88.99,£90.97,
70276233gxuu,Naia Narrow Chest of 5 Drawers in Concrete and White High Gloss,£68.34,£85.43,£87.34,
70271075gm,Naia Sideboard - 1 Drawer 2 Doors in Black Matt,£75.56,£94.45,£96.56,
70271075cj,Naia Sideboard - 1 Drawer 2 Doors in Truffle,£71.61,£89.51,£91.51,
70276234uu,Naia Sideboard - 1 Drawer 2 Doors in White High Gloss,£76.51,£95.64,£97.77,
70276234gxuu,Naia Sideboard - 1 Drawer 2 Doors in Concrete and White High Gloss,£74.22,£92.77,£94.84,
70271077gm,Naia Sideboard - 4 Drawers 2 Doors in Black Matt,£121.72,£152.15,£155.54,
70271077cj,Naia Sideboard - 4 Drawers 2 Doors in Truffle,£116.10,£145.13,£148.37,
70276236uu,Naia Sideboard - 4 Drawers 2 Doors in White High Gloss,£126.54,£158.18,£161.70,
70276236gxuu,Naia Sideboard - 4 Drawers 2 Doors in Concrete and White High Gloss,£121.88,£152.34,£155.74,
70271072gm,Naia Wide Chest of 6 Drawers (3+3) in Black Matt,£110.55,£138.18,£141.26,
70270296cj,Naia Wide Chest of 6 Drawers (3+3) in Truffle,£102.35,£127.94,£130.79,
70276232uu,Naia Wide Chest of 6 Drawers (3+3) in White High Gloss,£118.53,£148.17,£151.47,
70276232gxuu,Naia Wide Chest of 6 Drawers (3+3) in Concrete and White High Gloss,£116.16,£145.20,£148.44,
70275211akak,Naia Bed 90x190 Oak structure Oak structure,£103.10,£128.87,£131.75,
70275211cjcj,Naia Bed 90x190 Truffle Truffle,£103.40,£129.25,£132.13,
70275211gmgm,Naia Bed 90x190 Black Mat Black Mat,£108.86,£136.07,£139.10,
70275211uuuu,Naia Bed 90x190 White high gloss White High Gloss,£110.42,£138.03,£141.10,
70275212akak,Naia Bed 140x190 Oak structure Oak structure,£128.07,£160.09,£163.66,
70275212cjcj,Naia Bed 140x190 Truffle Truffle,£128.17,£160.21,£163.78,
70275212gmgm,Naia Bed 140x190 Black Mat Black Mat,£135.24,£169.05,£172.81,
70275212uuuu,Naia Bed 140x190 White high gloss White High Gloss,£138.21,£172.76,£176.61,
70275213akak,Naia Bed 160x200 Oak structure Oak structure,£139.85,£174.81,£178.71,
70275213cjcj,Naia Bed 160x200 Truffle Truffle,£140.12,£175.15,£179.05,
70275213gmgm,Naia Bed 160x200 Black Mat Black Mat,£150.63,£188.29,£192.49,
70275213uuuu,Naia Bed 160x200 White high gloss White High Gloss,£151.74,£189.68,£193.91,
70276242uu,Naia Under Bed drawers 2 pcs. White High Gloss,£38.95,£48.69,£52.76,
70282107ak,Naia Under Bed drawers 2 pcs. Oak structure,£35.91,£44.89,£49.81,
70282107cj,Naia Under Bed drawers 2 pcs. Truffle,£35.85,£44.81,£49.74,
70282107gm,Naia Under Bed drawers 2 pcs. Black Mat,£37.19,£46.49,£51.05,
7157417761,Napoli TV Unit 1 Drawer 2 Shelves in Black Woodgrain,£59.22,£74.02,£75.68,
7157417749,Napoli TV Unit 1 Drawer 2 Shelves in White,£55.74,£69.68,£71.23,
715741796161,Napoli TV Unit 2 Drawers 3 Shelves in Black Woodgrain,£105.59,£131.99,£134.93,
715741794949,Napoli TV Unit 2 Drawers 3 Shelves in White,£100.53,£125.66,£128.47,
7097109220,Nova Bedside 2 Drawer in Coffee,£30.64,£38.30,£40.84,
70971092ak,Nova Bedside 2 Drawer in Oak,£30.40,£38.01,£40.61,
70971092cj,Nova Bedside 2 Drawer in Truffle,£30.88,£38.60,£41.07,
7097109249,Nova Bedside 2 Drawer in White,£29.93,£37.41,£40.15,
7097109420,Nova Chest of 3 Drawers in Coffee,£55.27,£69.08,£70.62,
70971094ak,Nova Chest of 3 Drawers in Oak,£54.95,£68.69,£70.22,
70971094cj,Nova Chest of 3 Drawers in Truffle,£54.79,£68.49,£70.02,
7097109449,Nova Chest of 3 Drawers in White,£54.00,£67.50,£69.01,
7097120020,Nova Chest of 5 Drawers in Coffee,£72.32,£90.40,£92.41,
70971200ak,Nova Chest of 5 Drawers in Oak,£72.48,£90.60,£92.62,
70971200cj,Nova Chest of 5 Drawers in Truffle,£72.48,£90.60,£92.62,
7097120049,Nova Chest of 5 Drawers in White,£71.29,£89.11,£91.10,
7097109620,Nova Narrow Chest of 5 Drawers in Coffee,£55.64,£69.56,£71.11,
70971096ak,Nova Narrow Chest of 5 Drawers in Oak,£55.72,£69.65,£71.21,
70971096cj,Nova Narrow Chest of 5 Drawers in Truffle,£55.96,£69.95,£71.51,
7097109649,Nova Narrow Chest of 5 Drawers in White,£54.30,£67.87,£69.39,
7097109720,Nova Sideboard - 3 Drawer 2 Door in Coffee,£84.56,£105.69,£108.05,
70971251akak,Nova Sideboard - 3 Drawers 2 Doors in Oak,£84.63,£105.79,£108.15,
70971251cjcj,Nova Sideboard - 3 Drawers 2 Doors in Truffle,£84.79,£105.99,£108.35,
709712514949,Nova Sideboard - 3 Drawers 2 Doors in White,£82.82,£103.52,£105.83,
709712522020,Nova Wide Chest of 6 Drawers (3+3) in Coffee,£117.75,£147.18,£150.46,
70971252akak,Nova Wide Chest of 6 Drawers (3+3) in Oak,£119.64,£149.55,£152.89,
70971252cjcj,Nova Wide Chest of 6 Drawers (3+3) in Truffle,£119.80,£149.75,£153.09,
709712524949,Nova Wide Chest of 6 Drawers (3+3) in White,£117.59,£146.98,£150.26,
7047539449gm,Oslo Bedside 1 Drawer in White and Black Matt,£30.77,£38.46,£40.96,
7047539449ak,Oslo Bedside 1 Drawer in White and Oak,£29.19,£36.49,£39.42,
7047538249gm,Oslo Bookcase 2 Drawers 1 Door in White and Matt Black,£66.36,£82.95,£84.80,
7047538249ak,Oslo Bookcase 2 Drawers 1 Door in White and Oak,£64.31,£80.38,£82.18,
7047539549gm,Oslo Chest of 4 Drawers (2+2) in White and Black Matt,£77.14,£96.43,£98.58,
7047539549ak,Oslo Chest of 4 Drawers (2+2) in White and Oak,£74.69,£93.37,£95.45,
7047545649gm,Oslo Chest of 5 Drawers (2+3) in White and Black Matt,£85.07,£106.34,£108.71,
7047545649ak,Oslo Chest of 5 Drawers (2+3) in White and Oak,£83.17,£103.96,£106.28,
7047538449gm,Oslo Coffee Table 1 Drawer 1 Shelf in White and Matt Black,£51.48,£64.35,£65.79,
7047538449ak,Oslo Coffee Table 1 Drawer 1 Shelf in White and Oak,£49.50,£61.88,£63.26,
7047538849gm,Oslo Console Table 1 Drawer 1 Shelf in White and Black Matt,£130.63,£163.29,£166.93,
7047538849ak,Oslo Console Table 1 Drawer 1 Shelf in White and Oak,£127.63,£159.53,£163.09,
7047545049gm,Oslo Desk 2 Drawer in White and Black Matt,£132.08,£165.10,£168.79,
7047545049ak,Oslo Desk 2 Drawer in White and Oak,£122.75,£153.44,£156.86,
704753974949,Oslo Dining Table - Large (160cm) in White,£149.30,£186.63,£190.79,
704753974960,Oslo Dining Table - Large (160cm) in White and Black,£152.23,£190.29,£194.53,
704753864949,Oslo Dining Table - Small (100cm) in White,£127.60,£159.50,£163.06,
704753864960,Oslo Dining Table - Small (100cm) in White and Black,£130.53,£163.16,£166.80,
7047538549gm,Oslo Leaning Bookcase 1 Drawer in White and Matt Black,£56.10,£70.12,£71.69,
7047538549ak,Oslo Leaning Bookcase 1 Drawer in White and Oak,£53.72,£67.16,£68.65,
7047538949gm,Oslo Leaning Desk in White and Black Matt,£54.15,£67.68,£69.19,
7047538949ak,Oslo Leaning Desk in White and Oak,£52.72,£65.91,£67.38,
7044107449gm,Oslo Shoe Cabinet 3 Drawers in White and Matt Black,£65.49,£81.86,£83.68,
7044107449ak,Oslo Shoe Cabinet 3 Drawers in White and Oak,£63.82,£79.78,£81.56,
7047538149gm,Oslo Sideboard - Large - 3 Drawers 2 Doors in White and Matt Black,£93.07,£116.34,£118.93,
7047538149ak,Oslo Sideboard - Large - 3 Drawers 2 Doors in White and Oak,£91.33,£114.16,£116.71,
7047538749gm,Oslo Sideboard - Small - 1 Drawer 2 Doors in White and Black Matt,£62.62,£78.27,£80.02,
7047538749ak,Oslo Sideboard - Small - 1 Drawer 2 Doors in White and Oak,£60.48,£75.60,£77.29,
7047539149gm,Oslo TV Unit - Wide - 2 Drawers 4 Shelves in White and Black Matt,£58.81,£73.52,£75.15,
7047539149ak,Oslo TV Unit - Wide - 2 Drawers 4 Shelves in White and Oak,£56.91,£71.14,£72.73,
7047538349gm,Oslo TV Unit 2 Drawers in White and Matt Black,£58.39,£72.98,£74.61,
7047538349ak,Oslo TV Unit 2 Drawers in White and Oak,£57.28,£71.60,£73.20,
7047546849ak,Oslo Wardrobe - 3 Doors 3 Drawers in White and Oak,£193.81,£242.26,£247.66,
7047539649gm,Oslo Wardrobe 2 Doors 2 Drawers in White and Black Matt,£128.15,£160.19,£163.76,
7047539649ak,Oslo Wardrobe 2 Doors 2 Drawers in White and Oak,£126.33,£157.92,£161.44,
7047537849ak,Oslo Bed 140 x 200 White Oak structure,£137.51,£171.89,£175.72,
7047537849gm,Oslo Bed 140 x 200 White Black Mat,£140.92,£176.16,£180.08,
7047537949ak,Oslo Bed 160 x 200 White Oak structure,£141.98,£177.48,£181.44,
7047537949gm,Oslo Bed 160 x 200 White Black Mat,£145.49,£181.87,£185.92,
7047580149ak,Oslo Bed 90x200 White Oak structure,£116.14,£145.18,£148.42,
70170302igig,Paris Bedside 2 Drawers in Matt Grey,£54.38,£67.97,£69.49,
70170302djdj,Paris Bedside 2 Drawers in Walnut,£52.40,£65.50,£66.96,
701703024949,Paris Bedside 2 Drawers in White,£49.79,£62.24,£63.63,
7017030249ak,Paris Bedside 2 Drawers in White and Oak,£50.50,£63.13,£64.54,
70176716igig,Paris Chest of 4 Drawers in Matt Grey,£116.60,£145.75,£149.00,
70176716djdj,Paris Chest of 4 Drawers in Walnut,£112.33,£140.42,£143.55,
701767164949,Paris Chest of 4 Drawers in White,£107.11,£133.89,£136.88,
7017671649ak,Paris Chest of 4 Drawers in White and Oak,£108.30,£135.37,£138.39,
70176718djdj,Paris Chest of 6 Drawers in Walnut,£157.58,£196.98,£201.37,
70176718igig,Paris Chest of 6 Drawers in Matt Grey,£158.69,£198.36,£202.78,
701767184949,Paris Chest of 6 Drawers in White,£150.54,£188.18,£192.37,
7017671849ak,Paris Chest of 6 Drawers in White and Oak,£151.73,£189.66,£193.89,
70176719igig,Paris Chest of 8 Drawers in Matt Grey,£203.50,£254.37,£260.04,
70176719djdj,Paris Chest of 8 Drawers in Walnut,£195.90,£244.88,£250.34,
701767194949,Paris Chest of 8 Drawers in White,£187.84,£234.80,£240.03,
7017671949ak,Paris Chest of 8 Drawers in White and Oak,£189.02,£236.28,£241.55,
70176701dj,Paris Double Bed (140 x 200) in Walnut,£174.59,£218.24,£223.10,
7017670149,Paris Double Bed (140 x 200) in White,£166.59,£208.23,£212.88,
70177802ig,Paris Double Bed 4ft6 (140 x 190) in Matt Grey,£175.96,£219.96,£224.86,
70176715igig,Paris King Bed (160 x 200) in Matt Grey,£190.71,£238.38,£243.70,
701767154949,Paris King Bed (160 x 200) in White,£178.45,£223.06,£228.04,
70177801ig,Paris Single Bed (90 x 200) in Matt Grey,£142.79,£178.49,£182.47,
7017780149,Paris Single Bed (90 x 200) in White,£135.59,£169.49,£173.27,
7017780149ak,Paris Single Bed (90 x 200) in White and Oak,£135.99,£169.99,£173.78,
70176703ig,Paris Super King Bed (180 x 200) in Matt Grey,£200.12,£250.15,£255.73,
7017670349,Paris Super King Bed (180 x 200) in White,£188.02,£235.03,£240.27,
7017781249,Paris TV Unit - 2 Doors 2 Drawers in White,£77.75,£97.19,£99.36,
7017781249ak,Paris TV Unit - 2 Doors 2 Drawers in White and Oak,£78.54,£98.18,£100.37,
7017781149,Paris TV Unit - Wide - 2 Doors 1 Shelf in White,£118.94,£148.68,£152.00,
7017781149ak,Paris TV Unit - Wide - 2 Doors 1 Shelf in White and Oak,£118.79,£148.48,£151.79,
7017780549,Paris Underbed Storage Drawer for Single Bed in White,£34.49,£43.12,£44.59,
701753684949,Paris Wardrobe with 2 Doors 1 Drawer 2 Shelves in Whita,£120.09,£150.11,£153.46,
70175368igig,Paris Wardrobe with 2 Doors 1 Drawer 2 Shelves in Matt Grey,£128.08,£160.10,£163.67,
70175352ig,Paris Wardrobe with 2 Doors in Matt Grey,£192.50,£240.62,£245.99,
70175352dj,Paris Wardrobe with 2 Doors in Walnut,£186.73,£233.41,£238.61,
7017535249,Paris Wardrobe with 2 Doors in White,£171.07,£213.84,£218.60,
7017535249ak,Paris Wardrobe with 2 Doors in White and Oak,£170.99,£213.74,£218.50,
70175353ig,Paris Wardrobe with 3 Doors in Matt Grey,£240.62,£300.78,£307.48,
7017535349,Paris Wardrobe with 3 Doors in White,£211.99,£264.99,£270.90,
7017535349ak,Paris Wardrobe with 3 Doors in White and Oak,£214.52,£268.16,£274.14,
70175369igig,Paris Wardrobe with 4 Doors & 2 Drawers in Matt Grey,£331.90,£414.88,£424.13,
7017536949ak,Paris Wardrobe with 4 Doors & 2 Drawers in White  and Oak,£295.92,£369.90,£378.15,
70175354dj,Paris Wardrobe with 4 Doors in Walnut,£301.77,£377.21,£385.62,
7017535449,Paris Wardrobe with 4 Doors in White,£272.19,£340.24,£347.83,
71070070akuu,Pepe Bedside 2 Drawers in Oak with White High Gloss,£29.34,£36.67,£39.57,
7107007049,Pepe Bedside 2 Drawers in White,£27.76,£34.70,£38.03,
71070505akuu,Pepe Chest of 4 Drawers in Oak with White High Gloss,£55.99,£69.98,£71.55,
710705054949,Pepe Chest of 4 Drawers in White,£52.51,£65.64,£67.10,
71070508akuu,Pepe Chest of 5 Drawers in Oak with White High Gloss,£78.03,£97.54,£99.72,
7107007249,Pepe Chest of 5 Drawers in White,£78.65,£98.31,£100.51,
71070073akuu,Pepe Wide Chest of 8 Drawers (4+4) in Oak with White High Gloss,£119.84,£149.80,£153.14,
7107007349,Pepe Wide Chest of 8 Drawers (4+4) in White,£95.29,£119.11,£121.77,
72080423ak,Prima Bookcase 2 Shelves in Oak,£66.20,£82.75,£84.60,
7208042349,Prima Bookcase 2 Shelves in White,£66.75,£83.44,£85.30,
72080420ak,Prima Bookcase 4 Shelves in Oak,£105.89,£132.37,£135.32,
7208042049,Prima Bookcase 4 Shelves in White,£106.13,£132.66,£135.62,
72080421ak,Prima Bookcase 5 Shelves in Oak,£115.55,£144.43,£147.66,
7208042149,Prima Bookcase 5 Shelves in White,£115.39,£144.24,£147.45,
7169217686dj,Roomers Display Cabinet Glazed 2 Doors in Black and Walnut,£137.08,£171.35,£175.17,
7169217649ak,Roomers Display Cabinet Glazed 2 Doors in White and Oak,£132.18,£165.22,£168.91,
7169217386dj,Roomers Sideboard 2 Drawers 1 Door in Black and Walnut,£111.35,£139.18,£142.29,
7169217349ak,Roomers Sideboard 2 Drawers 1 Door in White and Oak,£107.87,£134.83,£137.84,
7169217886dj,Roomers Sideboard 3 Drawers 3 Doors in Black and Walnut,£157.33,£196.66,£201.05,
7169217849AK,Roomers Sideboard 3 Drawers 3 Doors in White and Oak,£156.81,£196.02,£200.39,
7169217986DJ,Roomers TV Unit 3 Drawers 1 Door in Black and Walnut,£132.27,£165.34,£169.03,
7169217149ak,Roomers TV Unit 3 Drawers 1 Door in White and Oak,£128.32,£160.40,£163.98,
71692174ak,Roomers Wall Shelf Unit in Oak,£16.00,£20.00,£26.59,
71692174dj,Roomers Wall Shelf Unit in Walnut,£16.48,£20.60,£27.05,
71271304dudu,Silkeborg Bedside 2 Drawers in Riviera Oak,£60.71,£75.89,£77.58,
71271301dudu,Silkeborg Chest of 3 Drawers in Riviera Oak,£94.50,£118.13,£120.76,
71271305dudu,Silkeborg Chest of 8 Drawers (4+2+2) in Riviera Oak,£180.17,£225.22,£230.24,
71271316dudu,Silkeborg Double Bed 4ft6 (140 x 190) in Riviera Oak,£126.01,£157.51,£161.02,
71271315dudu,Silkeborg King Bed (160 x 200) in Riviera Oak,£134.16,£167.70,£171.44,
71271303dudu,Silkeborg Wardrobe - 3 Doors in Riviera Oak,£236.62,£295.78,£302.37,
70570423akak,Space Bedside 1 Drawer in Oak,£18.51,£23.13,£29.29,
705704234949,Space Bedside 1 Drawer in White,£18.43,£23.04,£29.21,
70570421akak,Space Chest of 3 Drawers in Oak,£37.58,£46.98,£48.11,
705704214949,Space Chest of 3 Drawers in White,£37.22,£46.53,£47.74,
70570422akak,Space Chest of 5 Drawers in Oak,£54.39,£67.98,£69.50,
705704224949,Space Chest of 5 Drawers in White,£53.07,£66.33,£67.81,
70570425akak,Space Wardrobe - 2 Doors 3 Drawers in Oak,£89.27,£111.59,£114.08,
70570425akuu,Space Wardrobe - 2 Doors 3 Drawers in Oak with White High Gloss,£99.68,£124.60,£127.38,
705704254949,Space Wardrobe - 2 Doors 3 Drawers in White,£88.34,£110.43,£112.89,
70570409akak,Space Wardrobe - 3 Doors 3 Drawers in Oak,£107.72,£134.65,£137.65,
70570409akuu,Space Wardrobe - 3 Doors 3 Drawers in Oak with White High Gloss,£119.46,£149.32,£152.65,
705704094949,Space Wardrobe - 3 Doors 3 Drawers in White,£108.98,£136.23,£139.27,
70570410akak,Space Wardrobe - 4 Doors 3 Drawers in Oak,£153.07,£191.34,£195.60,
70570410akuu,Space Wardrobe - 4 Doors 3 Drawers in Oak with White High Gloss,£169.52,£211.90,£216.62,
705704104949,Space Wardrobe - 4 Doors 3 Drawers in White,£151.39,£189.23,£193.45,
705704114949,"Space Wardrobe with 3 doors + 3 drawers (175)
White White",£90.74,£113.43,£117.08,
705704184949,"Space Wardrobe with 2 doors (175)
White White",£50.63,£63.28,£69.09,
705704194949,"Space Wardrobe with 3 doors (175)
White White",£83.09,£103.86,£108.46,
705704314949,"Space Wardrobe with 2 doors + 3 drawers (175)
White White",£77.58,£96.97,£100.47,
71392144ak53em,Unit Sideboard 1 Drawer w/ Sliding Doors in Oak with Dark Grey and Teracotta,£112.72,£140.90,£144.04,
71370900dj86,Unit Sideboard 2 Drawers 3 Doors in Walnut and Black,£127.51,£159.39,£162.95,
7137090049dj,Unit Sideboard 2 Drawers 3 Doors in White and Walnut,£125.14,£156.43,£159.92,
71392148dj86,Unit Sideboard 2 Drawers in Walnut and Black,£91.17,£113.97,£116.51,
7139214849dj,Unit Sideboard 2 Drawers in White and Walnut,£89.75,£112.19,£114.69,
7037528108,Verona Sliding Wardrobe 120cm in Oak with Oak Doors,£172.29,£215.36,£220.17,
7037528110,Verona Sliding Wardrobe 120cm in Oak with Oak Doors and 3 Shelves,£188.80,£236.00,£241.26,
7037528107,Verona Sliding Wardrobe 120cm in Oak with White Doors,£171.34,£214.18,£218.95,
7037528109,Verona Sliding Wardrobe 120cm in Oak with White Doors and 3 Shelves,£187.85,£234.82,£240.05,
7037528112,Verona Sliding Wardrobe 120cm in Truffle with Truffle Doors,£171.66,£214.57,£219.36,
7037528114,Verona Sliding Wardrobe 120cm in Truffle with Truffle Doors and 3 Shelves,£188.17,£235.21,£240.46,
7037528111,Verona Sliding Wardrobe 120cm in Truffle with White Doors,£171.50,£214.38,£219.16,
7037528113,Verona Sliding Wardrobe 120cm in Truffle with White Doors and 3 Shelves,£188.01,£235.01,£240.25,
7037528102,Verona Sliding Wardrobe 120cm in White with Oak Doors,£170.00,£212.50,£217.24,
7037528105,Verona Sliding Wardrobe 120cm in White with Oak Doors and 3 Shelves,£186.51,£233.14,£238.33,
7037528103,Verona Sliding Wardrobe 120cm in White with Truffle Doors,£169.21,£211.51,£216.23,
7037528106,Verona Sliding Wardrobe 120cm in White with Truffle Doors and 3 Shelves,£185.72,£232.15,£237.32,
7037528101,Verona Sliding Wardrobe 120cm in White with White Doors,£169.05,£211.31,£216.02,
7037528104,Verona Sliding Wardrobe 120cm in White with White Doors and 3 Shelves,£185.56,£231.95,£237.12,
7037528235,Verona Sliding Wardrobe 180cm in Oak with Mirror Doors,£285.99,£357.48,£365.45,
7037528241,Verona Sliding Wardrobe 180cm in Oak with Mirror Doors and 3 Shelves,£306.48,£383.10,£391.65,
7037528238,Verona Sliding Wardrobe 180cm in Oak with Oak and Mirror Doors,£246.85,£308.57,£315.45,
7037528244,Verona Sliding Wardrobe 180cm in Oak with Oak and Mirror Doors and 3 Shelves,£267.35,£334.18,£341.64,
7037528234,Verona Sliding Wardrobe 180cm in Oak with Oak Doors,£207.72,£259.65,£265.44,
7037528240,Verona Sliding Wardrobe 180cm in Oak with Oak Doors and 3 Shelves,£228.21,£285.27,£291.63,
7037528236,Verona Sliding Wardrobe 180cm in Oak with White and Mirror Doors,£245.82,£307.28,£314.13,
7037528242,Verona Sliding Wardrobe 180cm in Oak with White and Mirror Doors and 3 Shelves,£266.32,£332.90,£340.32,
7037528237,Verona Sliding Wardrobe 180cm in Oak with White and Oak doors,£206.69,£258.36,£264.12,
7037528243,Verona Sliding Wardrobe 180cm in Oak with White and Oak doors and 3 Shelves,£227.19,£283.98,£290.32,
7037528233,Verona Sliding Wardrobe 180cm in Oak with White Doors,£205.66,£257.08,£262.81,
7037528239,Verona Sliding Wardrobe 180cm in Oak with White Doors and 3 Shelves,£226.16,£282.70,£289.00,
7037528247,Verona Sliding Wardrobe 180cm in Truffle with Mirror Doors,£286.07,£357.58,£365.56,
7037528253,Verona Sliding Wardrobe 180cm in Truffle with Mirror Doors and 3 Shelves,£306.56,£383.20,£391.75,
7037528250,Verona Sliding Wardrobe 180cm in Truffle with Truffle and Mirror Doors,£246.93,£308.66,£315.55,
7037528256,Verona Sliding Wardrobe 180cm in Truffle with Truffle and Mirror Doors and 3 Shelves,£267.43,£334.28,£341.74,
7037528246,Verona Sliding Wardrobe 180cm in Truffle with Truffle Doors,£207.80,£259.75,£265.54,
7037528252,Verona Sliding Wardrobe 180cm in Truffle with Truffle Doors and 3 Shelves,£228.29,£285.37,£291.73,
7037528248,Verona Sliding Wardrobe 180cm in Truffle with White and Mirror Doors,£245.90,£307.38,£314.23,
7037528254,Verona Sliding Wardrobe 180cm in Truffle with White and Mirror Doors and 3 Shelves,£266.40,£333.00,£340.42,
7037528260,Verona Sliding Wardrobe 180cm in Truffle with White and Truffle doors,£206.77,£258.46,£264.23,
7037528255,Verona Sliding Wardrobe 180cm in Truffle with White and Truffle doors and 3 Shelves,£227.26,£284.08,£290.42,
7037528245,Verona Sliding Wardrobe 180cm in Truffle with White Doors,£205.74,£257.18,£262.91,
7037528251,Verona Sliding Wardrobe 180cm in Truffle with White Doors and 3 Shelves,£226.24,£282.80,£289.10,
7037528218,Verona Sliding Wardrobe 180cm in White with Mirror Doors,£279.63,£349.54,£357.33,
7037528222,Verona Sliding Wardrobe 180cm in White with Mirror Doors and 3 Shelves,£300.12,£375.16,£383.52,
7037528226,Verona Sliding Wardrobe 180cm in White with Oak and Mirror Doors,£240.49,£300.62,£307.32,
7037528231,Verona Sliding Wardrobe 180cm in White with Oak and Mirror Doors and 3 Shelves,£260.99,£326.24,£333.51,
7037528216,Verona Sliding Wardrobe 180cm in White with Oak Doors,£201.36,£251.70,£257.31,
7037528220,Verona Sliding Wardrobe 180cm in White with Oak Doors and 3 Shelves,£221.86,£277.32,£283.50,
7037528227,Verona Sliding Wardrobe 180cm in White with Truffle and Mirror Doors,£240.49,£300.62,£307.32,
7037528232,Verona Sliding Wardrobe 180cm in White with Truffle and Mirror Doors and 3 Shelves,£260.99,£326.24,£333.51,
7037528217,Verona Sliding Wardrobe 180cm in White with Truffle Doors,£201.36,£251.70,£257.31,
7037528221,Verona Sliding Wardrobe 180cm in White with Truffle Doors and 3 Shelves,£221.86,£277.32,£283.50,
7037528225,Verona Sliding Wardrobe 180cm in White with White and Mirror Doors,£239.47,£299.33,£306.01,
7037528230,Verona Sliding Wardrobe 180cm in White with White and Mirror Doors and 3 Shelves,£259.96,£324.95,£332.20,
7037528223,Verona Sliding Wardrobe 180cm in White with White and Oak doors,£200.33,£250.42,£256.00,
7037528228,Verona Sliding Wardrobe 180cm in White with White and Oak doors and 3 Shelves,£220.83,£276.03,£282.19,
7037528224,Verona Sliding Wardrobe 180cm in White with White and Truffle Doors,£200.33,£250.42,£256.00,
7037528229,Verona Sliding Wardrobe 180cm in White with White and Truffle Doors and 3 Shelves,£220.83,£276.03,£282.19,
7037528215,Verona Sliding Wardrobe 180cm in White with White Doors,£199.30,£249.13,£254.69,
7037528219,Verona Sliding Wardrobe 180cm in White with White Doors and 3 Shelves,£219.80,£274.75,£280.88,
7037527249,Verona Set of 3 Shelves - Narrow (for 120cm wardrobe) in White,£16.51,£20.64,£27.09,
7037527349,Verona Set of 3 Shelves - Wide (for 180cm wardrobe) in White,£20.50,£25.62,£30.96,
72186006gmdj,Ry Sideboard 2 doors + 2 drawers,£135.42,£169.28,£173.05,
72186006gogo,Ry Sideboard 2 doors + 2 drawers,£130.52,£163.15,£166.78,
72186007gmdj,Ry TV-unit 1 door + 1 drawer,£121.07,£151.33,£154.71,
72186007gogo,Ry TV-unit 1 door + 1 drawer,£117.11,£146.39,£149.65,
72186008gmdj,Ry China cabinet 1 door + 1 glass door + 1 drawer,£179.00,£223.75,£228.74,
72186008gogo,Ry China cabinet 1 door + 1 glass door + 1 drawer,£171.72,£214.65,£219.44,
72186009gmdj,Ry Coffee table with 1 drawer,£101.75,£127.19,£130.02,
72186009gogo,Ry Coffee table with 1 drawer,£99.22,£124.02,£126.79,
72186010gmdj,Ry Sideboard with 1 door + 2 drawers,£122.93,£153.66,£157.09,
72186010gogo,Ry Sideboard with 1 door + 2 drawers,£119.61,£149.51,£152.84,
72288200gmak,Stubbe Sideboard with 1 door + 3 drawers,£118.82,£148.52,£151.84,
72288201gmak,Stubbe China cabinet 2 frame doors + 3 drawers,£173.52,£216.90,£221.73,
72288206gmak,Stubbe TV Unit,£90.08,£112.60,£115.11,
723590004949,Shoe cabinet  w. 1 tilting door and 1 layer,£25.16,£31.45,£35.51,
72359000ak49,Shoe cabinet  w. 1 tilting door and 1 layer,£25.16,£31.45,£35.51,
72359000gmgm,Shoe cabinet  w. 1 tilting door and 1 layer,£26.59,£33.23,£36.89,
723590014949,Shoe cabinet  w. 2 tilting doors and 1 layer,£35.56,£44.45,£45.63,
72359001ak49,Shoe cabinet  w. 2 tilting doors and 1 layer,£35.56,£44.45,£45.63,
72359001gmgm,Shoe cabinet  w. 2 tilting doors and 1 layer,£37.78,£47.22,£48.27,
723590024949,Shoe cabinet  w. 3 tilting doors and 1 layer,£46.24,£57.81,£59.10,
72359002ak49,Shoe cabinet  w. 3 tilting doors and 1 layer,£46.24,£57.81,£59.10,
72359002gmgm,Shoe cabinet  w. 3 tilting doors and 1 layer,£49.09,£61.36,£62.73,
723590034949,Shoe cabinet  w. 4 tilting doors and 1 layer,£59.56,£74.44,£76.11,
72359003ak49,Shoe cabinet  w. 4 tilting doors and 1 layer,£59.56,£74.44,£76.11,
72359003gmgm,Shoe cabinet  w. 4 tilting doors and 1 layer,£63.19,£78.99,£80.75,
723590044949,Shoe cabinet  w. 1 tilting door and 2 layers,£28.03,£35.04,£38.30,
72359004ak49,Shoe cabinet  w. 1 tilting door and 2 layers,£28.03,£35.04,£38.30,
72359004gmgm,Shoe cabinet  w. 1 tilting door and 2 layers,£29.62,£37.02,£39.84,
723590054949,Shoe cabinet  w. 2 tilting doors and 2 layers,£41.38,£51.72,£52.88,
72359005ak49,Shoe cabinet  w. 2 tilting doors and 2 layers,£41.38,£51.72,£52.88,
72359005gmgm,Shoe cabinet  w. 2 tilting doors and 2 layers,£43.91,£54.89,£56.11,
723590064949,Shoe cabinet  w. 3 tilting doors and 2 layers,£53.49,£66.86,£68.35,
72359006ak49,Shoe cabinet  w. 3 tilting doors and 2 layers,£53.49,£66.86,£68.35,
72359006gmgm,Shoe cabinet  w. 3 tilting doors and 2 layers,£56.65,£70.81,£72.39,
723590074949,Shoe cabinet  w. 4 tilting doors and 2 layers,£66.19,£82.73,£84.58,
72359007ak49,Shoe cabinet  w. 4 tilting doors and 2 layers,£66.19,£82.73,£84.58,
72359007gmgm,Shoe cabinet  w. 4 tilting doors and 2 layers,£70.14,£87.68,£89.63,
72359008akuu,Shoe cabinet w. 3 tilting doors and 2 layers +  1 door,£79.38,£99.22,£101.43,
72359009akuu,Shoe cabinet w. 4 tilting doors and 2 layers +  1 mirror door,£114.57,£143.22,£146.41,
723590104949,Shoe cabinet w. 4 mirror tilting doors and 2 layers,£102.02,£127.52,£130.37,
72359010akak,Shoe cabinet w. 4 mirror tilting doors and 2 layers,£102.02,£127.52,£130.37,
71771009akak,Shoe cabinet 1 Door w/ Mirror in Oak,£113.09,£141.36,£144.51,
717710094949,Shoe cabinet 1 Door w/ Mirror in White,£110.87,£138.59,£141.68,
72475470014949,"Family Dining table 90,0 x 180,0 x 75,0 cm White White",£113.75,£142.19,£145.36,
72475470014960,"Family Dining table 90,0 x 180,0 x 75,0 cm White Black",£113.75,£142.19,£145.36,
7247547001ak49,"Family Dining table 90,0 x 180,0 x 75,0 cm Oak structure White",£116.92,£146.14,£149.40,
7247547001ak60,"Family Dining table 90,0 x 180,0 x 75,0 cm Oak structure Black",£116.92,£146.14,£149.40,
72475470024949,"Family Dining table 90,0 x 140,0 x 75,0 cm White White",£97.23,£121.54,£124.25,
72475470024960,"Family Dining table 90,0 x 140,0 x 75,0 cm White Black",£97.23,£121.54,£124.25,
7247547002ak49,"Family Dining table 90,0 x 140,0 x 75,0 cm Oak structure White",£101.03,£126.29,£129.10,
7247547002ak60,"Family Dining table 90,0 x 140,0 x 75,0 cm Oak structure Black",£101.03,£126.29,£129.10,
60110107,Cleveland Armchair - NOVA Light Grey,£153.34,£191.68,£195.95,
60110116,Cleveland Armchair - NOVA Antracit,£153.34,£191.68,£195.95,
60120107,Cleveland 2 Seater Sofa - NOVA Light Grey,£289.26,£361.58,£369.64,
60120116,Cleveland 2 Seater Sofa - NOVA Antracit,£289.26,£361.58,£369.64,
60130107,Cleveland 3 Seater Sofa - NOVA Light Grey,£322.37,£402.96,£411.95,
60130116,Cleveland 3 Seater Sofa - NOVA Antracit,£322.37,£402.96,£411.95,
60140107,Cleveland Chaiselongue Sofa - NOVA Light Grey  (RH),£425.18,£531.48,£543.33,
60140116,Cleveland Chaiselongue Sofa - NOVA Antracit (RH),£425.18,£531.48,£543.33,
60142107,Cleveland Chaiselongue Sofa - NOVA Light Grey  (LH),£425.18,£531.48,£543.33,
60142116,Cleveland Chaiselongue Sofa - NOVA Antracit (LH),£425.18,£531.48,£543.33,
60160116,Cleveland Footstool - NOVA Antracit,£121.98,£152.47,£155.87,
60160107,Cleveland Footstool - NOVA Light Grey,£121.98,£152.47,£155.87,
60170116,Cleveland Neckpillow - NOVA Antracit,£60.99,£76.24,£77.94,
60170107,Cleveland Neckpillow - NOVA Light Grey,£60.99,£76.24,£77.94,
60310380,"Larvik Armchair - Soul 380 Antracit, Black Legs",£226.07,£282.59,£288.89,
60310381,"Larvik Armchair - Soul 381 Gray, Black Legs",£226.07,£282.59,£288.89,
60310383,"Larvik Armchair - Soul 383 Dark Green, Black Legs",£226.07,£282.59,£288.89,
60320380,"Larvik 2,5 Seater Sofa - Soul 380 Antracit, Black Legs",£317.17,£396.47,£405.31,
60320381,"Larvik 2,5 Seater Sofa - Soul 381 Gray, Black Legs",£317.17,£396.47,£405.31,
60320383,"Larvik 2,5 Seater Sofa - Soul 383 Dark Green, Black Legs",£317.17,£396.47,£405.31,
60330380,"Larvik 3 Seater Sofa - Soul 380 Antracit, Black Legs",£377.91,£472.39,£482.92,
60330381,"Larvik 3 Seater Sofa - Soul 381 Gray, Black Legs",£377.91,£472.39,£482.92,
60330383,"Larvik 3 Seater Sofa - Soul 383 Dark Green, Black Legs",£377.91,£472.39,£482.92,
60340380,"Larvik Chaiselongue Sofa - Soul 380 Antracit (RH), Black Legs",£499.38,£624.22,£638.14,
60340381,"Larvik Chaiselongue Sofa - Soul 381 Gray (RH), Black Legs",£499.38,£624.22,£638.14,
60340383,"Larvik Chaiselongue Sofa - Soul 383 Dark Green (RH), Black Legs",£499.38,£624.22,£638.14,
60342380,"Larvik Chaiselongue Sofa - Soul 380 Antracit (LH), Black Legs",£499.38,£624.22,£638.14,
60342381,"Larvik Chaiselongue Sofa - Soul 381 Gray (LH), Black Legs",£499.38,£624.22,£638.14,
60342383,"Larvik Chaiselongue Sofa - Soul 383 Dark Green (LH), Black Legs",£499.38,£624.22,£638.14,
60360380,"Larvik Footstool - Soul 380 Antracit, Black Legs",£138.34,£172.93,£176.78,
60360381,"Larvik Footstool - Soul 381 Gray, Black Legs",£138.34,£172.93,£176.78,
60360383,"Larvik Footstool - Soul 383 Dark Green, Black Legs",£138.34,£172.93,£176.78,
6031038047,"Larvik Armchair - Soul 380 Antracit, Oak Legs",£247.30,£309.13,£316.02,
6031038147,"Larvik Armchair - Soul 381 Gray, Oak Legs",£247.30,£309.13,£316.02,
6031038347,"Larvik Armchair - Soul 383 Dark Green, Oak Legs",£247.30,£309.13,£316.02,
6032038047,"Larvik 2,5 Seater Sofa - Soul 380 Antracit, Oak Legs",£338.40,£423.01,£432.44,
6032038147,"Larvik 2,5 Seater Sofa - Soul 381 Gray, Oak Legs",£338.40,£423.01,£432.44,
6032038347,"Larvik 2,5 Seater Sofa - Soul 383 Dark Green, Oak Legs",£338.40,£423.01,£432.44,
6033038047,"Larvik 3 Seater Sofa - Soul 380 Antracit, Oak Legs",£399.14,£498.92,£510.05,
6033038147,"Larvik 3 Seater Sofa - Soul 381 Gray, Oak Legs",£399.14,£498.92,£510.05,
6033038347,"Larvik 3 Seater Sofa - Soul 383 Dark Green, Oak Legs",£399.14,£498.92,£510.05,
6034038047,"Larvik Chaiselongue Sofa - Soul 380 Antracit (RH), Oak Legs",£531.23,£664.03,£678.84,
6034038147,"Larvik Chaiselongue Sofa - Soul 381 Gray (RH), Oak Legs",£531.23,£664.03,£678.84,
6034038347,"Larvik Chaiselongue Sofa - Soul 383 Dark Green (RH)/, Oak Legs",£531.23,£664.03,£678.84,
6034238047,"Larvik Chaiselongue Sofa - Soul 380 Antracit (LH), Oak Legs",£531.23,£664.03,£678.84,
6034238147,"Larvik Chaiselongue Sofa - Soul 381 Gray (LH), Oak Legs",£531.23,£664.03,£678.84,
6034238347,"Larvik Chaiselongue Sofa - Soul 383 Dark Green (LH), Oak Legs",£531.23,£664.03,£678.84,
6036038047,"Larvik Footstool - Soul 380 Antracit, Oak Legs",£159.57,£199.47,£203.91,
6036038147,"Larvik Footstool - Soul 381 Gray, Oak Legs",£159.57,£199.47,£203.91,
6036038347,"Larvik Footstool - Soul 383 Dark Green, Oak Legs",£159.57,£199.47,£203.91,
4117157P,"Latte oak",,,78.74,
4117057P,"Latte oak",,,59.05,
1500703,"Print Tunnel Pink",,,28.74,
1500606,"Print Pocket Pink-Red-yellow",,,13.74,
1500605,"Print Pocket Blue-yellow",,,13.74,
1500604,"Print Pocket Blue",,,13.74,
1500603,"Print Pocket Pink-Red",,,13.74,
1500506,"Tent deep red",,,28.74,
7047537949GM,"Oslo Euro King Bed (160 x 200) in White and Black Matt",,,174.25,
7047537949AK,"Oslo Euro King Bed (160 x 200) in White and Oak",,,169.91,
7047537849GM,"Oslo Euro Double Bed (140 x 200) in White and Black Matt",,,169.18,
1013201,"4'6 ft Double Bed White",,,75,
7047537849AK,"Oslo Euro Double Bed (140 x 200) in White and Oak",,,164.95,
1034312,"6+3 Drawer",,,82.27,
1034212,"4+2 Deep Drawer",,,63.30,
4058021,"1 door 1 drawer desk",,,74.75,
7047580149AK,"Oslo Euro Single Bed (90 x 200) in White and Oak",,,137.24,
7169217886DJ,"Sideboard 3 Drawers 3 Doors in Black and Walnut",,,201.05,
4051352,"Tall 2 Door 2 Drawer Cupboard",,,37.49,
4254564,"Wide glazed display cabinet 4 door 4 drawer",,, 162.49,
4251064,"Tall narrow cabinet 2 drawer 1 door",,,94.99,
4225262,"2 Door Tall cupboard/Wardrobe (Inc LED lighting)",,,224.99,
1503501,"Underbed Drawer White",,,31.27,
70276237uu,"Bedside - 3 Drawers in White High Gloss",,,60,